,movie_id,genre_id,genre_name
0,0,0,Crime
1,0,1,Horror
2,0,2,Thriller
3,1,3,Comedy
4,1,4,Animation
5,1,5,Adventure
6,2,0,Crime
7,2,6,Drama
8,2,7,Action
9,3,6,Drama
10,3,3,Comedy
11,4,8,Mystery
12,4,1,Horror
13,4,2,Thriller
14,5,1,Horror
15,5,9,Sci-Fi
16,5,7,Action
17,6,3,Comedy
18,7,10,History
19,7,11,Historical
20,7,6,Drama
21,7,5,Adventure
22,8,0,Crime
23,8,8,Mystery
24,8,7,Action
25,8,3,Comedy
26,9,1,Horror
27,9,2,Thriller
28,10,3,Comedy
29,10,4,Animation
30,10,5,Adventure
31,11,2,Thriller
32,11,6,Drama
33,12,3,Comedy
34,12,4,Animation
35,12,5,Adventure
36,13,8,Mystery
37,13,2,Thriller
38,13,1,Horror
39,13,6,Drama
40,14,5,Adventure
41,14,1,Horror
42,14,9,Sci-Fi
43,14,2,Thriller
44,15,12,War
45,15,9,Sci-Fi
46,15,7,Action
47,16,13,Western
48,16,6,Drama
49,16,5,Adventure
50,17,0,Crime
51,17,2,Thriller
52,17,7,Action
53,18,1,Horror
54,19,6,Drama
55,19,14,Fantasy
56,19,7,Action
57,19,5,Adventure
58,20,8,Mystery
59,20,1,Horror
60,21,8,Mystery
61,21,1,Horror
62,21,2,Thriller
63,22,15,Family
64,22,4,Animation
65,22,3,Comedy
66,23,2,Thriller
67,23,9,Sci-Fi
68,23,6,Drama
69,24,0,Crime
70,24,6,Drama
71,24,9,Sci-Fi
72,24,7,Action
73,25,8,Mystery
74,25,15,Family
75,25,6,Drama
76,26,6,Drama
77,26,16,Romance
78,26,7,Action
79,26,5,Adventure
80,27,6,Drama
81,27,17,Biography
82,27,7,Action
83,27,5,Adventure
84,28,17,Biography
85,28,6,Drama
86,29,6,Drama
87,29,16,Romance
88,29,17,Biography
89,29,3,Comedy
90,29,18,Musical
91,30,3,Comedy
92,30,14,Fantasy
93,30,7,Action
94,30,5,Adventure
95,31,14,Fantasy
96,31,6,Drama
97,31,5,Adventure
98,32,3,Comedy
99,32,14,Fantasy
100,32,7,Action
101,32,5,Adventure
102,33,9,Sci-Fi
103,33,7,Action
104,33,5,Adventure
105,34,14,Fantasy
106,34,7,Action
107,34,5,Adventure
108,35,14,Fantasy
109,35,7,Action
110,35,5,Adventure
111,36,3,Comedy
112,36,4,Animation
113,36,5,Adventure
114,37,14,Fantasy
115,37,9,Sci-Fi
116,37,7,Action
117,37,5,Adventure
118,38,14,Fantasy
119,38,9,Sci-Fi
120,38,7,Action
121,38,5,Adventure
122,39,18,Musical
123,39,15,Family
124,39,4,Animation
125,39,3,Comedy
126,40,14,Fantasy
127,40,15,Family
128,40,5,Adventure
129,41,16,Romance
130,41,6,Drama
131,41,3,Comedy
132,42,6,Drama
133,42,16,Romance
134,42,7,Action
135,43,14,Fantasy
136,43,9,Sci-Fi
137,43,7,Action
138,43,5,Adventure
139,44,14,Fantasy
140,44,7,Action
141,44,5,Adventure
142,45,0,Crime
143,45,8,Mystery
144,45,6,Drama
145,45,3,Comedy
146,46,4,Animation
147,46,7,Action
148,46,5,Adventure
149,47,17,Biography
150,47,6,Drama
151,48,0,Crime
152,48,16,Romance
153,48,8,Mystery
154,48,6,Drama
155,49,8,Mystery
156,49,1,Horror
157,49,2,Thriller
158,50,8,Mystery
159,50,3,Comedy
160,51,10,History
161,51,17,Biography
162,51,6,Drama
163,52,1,Horror
164,52,2,Thriller
165,53,1,Horror
166,54,17,Biography
167,54,6,Drama
168,55,3,Comedy
169,55,6,Drama
170,55,5,Adventure
171,56,2,Thriller
172,56,17,Biography
173,56,6,Drama
174,57,6,Drama
175,58,1,Horror
176,58,6,Drama
177,58,2,Thriller
178,59,1,Horror
179,59,3,Comedy
180,60,3,Comedy
181,60,5,Adventure
182,61,19,Sport
183,61,17,Biography
184,61,6,Drama
185,61,3,Comedy
186,62,0,Crime
187,62,3,Comedy
188,63,10,History
189,63,17,Biography
190,63,6,Drama
191,64,20,Music
192,64,18,Musical
193,64,6,Drama
194,64,3,Comedy
195,65,0,Crime
196,65,2,Thriller
197,65,7,Action
198,65,5,Adventure
199,66,6,Drama
200,66,7,Action
201,66,5,Adventure
202,67,14,Fantasy
203,67,7,Action
204,67,5,Adventure
205,68,6,Drama
206,69,14,Fantasy
207,69,9,Sci-Fi
208,69,7,Action
209,69,5,Adventure
210,70,14,Fantasy
211,70,9,Sci-Fi
212,70,7,Action
213,70,5,Adventure
214,71,0,Crime
215,71,6,Drama
216,71,7,Action
217,72,3,Comedy
218,72,4,Animation
219,72,5,Adventure
220,73,7,Action
221,73,9,Sci-Fi
222,73,6,Drama
223,73,5,Adventure
224,74,6,Drama
225,74,2,Thriller
226,74,7,Action
227,74,5,Adventure
228,75,14,Fantasy
229,75,15,Family
230,75,6,Drama
231,75,5,Adventure
232,76,14,Fantasy
233,76,4,Animation
234,76,6,Drama
235,77,10,History
236,77,17,Biography
237,77,6,Drama
238,78,14,Fantasy
239,78,9,Sci-Fi
240,78,7,Action
241,78,5,Adventure
242,79,3,Comedy
243,79,4,Animation
244,79,5,Adventure
245,80,9,Sci-Fi
246,80,7,Action
247,80,5,Adventure
248,81,0,Crime
249,81,8,Mystery
250,81,2,Thriller
251,81,6,Drama
252,82,3,Comedy
253,82,4,Animation
254,82,5,Adventure
255,83,8,Mystery
256,83,9,Sci-Fi
257,83,6,Drama
258,84,16,Romance
259,84,6,Drama
260,85,6,Drama
261,85,10,History
262,85,7,Action
263,86,6,Drama
264,86,2,Thriller
265,86,7,Action
266,87,16,Romance
267,87,6,Drama
268,88,0,Crime
269,88,6,Drama
270,88,3,Comedy
271,89,6,Drama
272,89,16,Romance
273,89,14,Fantasy
274,89,9,Sci-Fi
275,89,8,Mystery
276,90,0,Crime
277,90,2,Thriller
278,90,11,Historical
279,90,6,Drama
280,91,2,Thriller
281,91,7,Action
282,92,16,Romance
283,92,14,Fantasy
284,92,6,Drama
285,93,0,Crime
286,93,6,Drama
287,93,3,Comedy
288,94,0,Crime
289,94,7,Action
290,94,3,Comedy
291,95,19,Sport
292,95,6,Drama
293,96,0,Crime
294,96,6,Drama
295,96,2,Thriller
296,96,7,Action
297,97,6,Drama
298,97,3,Comedy
299,98,3,Comedy
300,98,4,Animation
301,98,7,Action
302,98,5,Adventure
303,99,16,Romance
304,99,6,Drama
305,99,3,Comedy
306,100,12,War
307,100,10,History
308,100,6,Drama
309,101,8,Mystery
310,101,2,Thriller
311,101,9,Sci-Fi
312,101,7,Action
313,102,3,Comedy
314,103,0,Crime
315,103,2,Thriller
316,103,6,Drama
317,104,0,Crime
318,104,8,Mystery
319,104,13,Western
320,104,6,Drama
321,105,6,Drama
322,106,9,Sci-Fi
323,106,7,Action
324,106,5,Adventure
325,107,10,History
326,107,6,Drama
327,107,5,Adventure
328,108,1,Horror
329,108,9,Sci-Fi
330,108,7,Action
331,108,2,Thriller
332,109,17,Biography
333,109,6,Drama
334,110,8,Mystery
335,110,1,Horror
336,110,2,Thriller
337,111,0,Crime
338,111,6,Drama
339,112,14,Fantasy
340,112,7,Action
341,112,5,Adventure
342,113,17,Biography
343,113,6,Drama
344,113,3,Comedy
345,114,2,Thriller
346,114,9,Sci-Fi
347,114,6,Drama
348,114,5,Adventure
349,115,10,History
350,115,17,Biography
351,115,6,Drama
352,116,13,Western
353,116,7,Action
354,116,5,Adventure
355,117,1,Horror
356,117,6,Drama
357,117,2,Thriller
358,118,0,Crime
359,118,2,Thriller
360,118,6,Drama
361,119,3,Comedy
362,119,7,Action
363,119,5,Adventure
364,120,6,Drama
365,121,3,Comedy
366,121,4,Animation
367,121,5,Adventure
368,122,0,Crime
369,122,2,Thriller
370,122,7,Action
371,123,9,Sci-Fi
372,123,7,Action
373,123,5,Adventure
374,124,0,Crime
375,124,8,Mystery
376,124,2,Thriller
377,124,6,Drama
378,125,3,Comedy
379,125,6,Drama
380,125,5,Adventure
381,126,16,Romance
382,126,6,Drama
383,127,3,Comedy
384,128,8,Mystery
385,128,1,Horror
386,128,2,Thriller
387,129,20,Music
388,129,3,Comedy
389,130,17,Biography
390,130,6,Drama
391,131,12,War
392,131,6,Drama
393,132,6,Drama
394,132,3,Comedy
395,133,16,Romance
396,133,17,Biography
397,133,6,Drama
398,134,2,Thriller
399,134,9,Sci-Fi
400,134,6,Drama
401,135,10,History
402,135,17,Biography
403,135,6,Drama
404,136,0,Crime
405,136,10,History
406,136,17,Biography
407,136,6,Drama
408,137,16,Romance
409,137,6,Drama
410,137,3,Comedy
411,138,1,Horror
412,138,7,Action
413,138,2,Thriller
414,139,15,Family
415,139,17,Biography
416,139,6,Drama
417,140,15,Family
418,140,14,Fantasy
419,140,7,Action
420,140,3,Comedy
421,140,5,Adventure
422,141,7,Action
423,141,3,Comedy
424,142,6,Drama
425,142,8,Mystery
426,142,2,Thriller
427,142,7,Action
428,143,16,Romance
429,143,8,Mystery
430,143,6,Drama
431,144,16,Romance
432,144,9,Sci-Fi
433,144,6,Drama
434,144,5,Adventure
435,145,0,Crime
436,145,1,Horror
437,145,17,Biography
438,145,6,Drama
439,146,14,Fantasy
440,146,9,Sci-Fi
441,146,7,Action
442,146,5,Adventure
443,147,3,Comedy
444,148,2,Thriller
445,148,7,Action
446,148,3,Comedy
447,149,0,Crime
448,149,16,Romance
449,149,2,Thriller
450,149,6,Drama
451,150,7,Action
452,150,3,Comedy
453,151,16,Romance
454,151,1,Horror
455,151,6,Drama
456,152,3,Comedy
457,152,6,Drama
458,152,5,Adventure
459,153,14,Fantasy
460,153,7,Action
461,154,15,Family
462,154,17,Biography
463,154,6,Drama
464,155,6,Drama
465,155,7,Action
466,155,5,Adventure
467,156,6,Drama
468,157,10,History
469,157,17,Biography
470,157,6,Drama
471,158,6,Drama
472,158,3,Comedy
473,159,3,Comedy
474,159,4,Animation
475,159,5,Adventure
476,160,0,Crime
477,160,2,Thriller
478,160,7,Action
479,161,20,Music
480,161,6,Drama
481,162,6,Drama
482,162,12,War
483,162,7,Action
484,163,6,Drama
485,163,14,Fantasy
486,163,7,Action
487,163,5,Adventure
488,164,9,Sci-Fi
489,164,7,Action
490,164,5,Adventure
491,165,14,Fantasy
492,165,9,Sci-Fi
493,165,7,Action
494,165,5,Adventure
495,166,17,Biography
496,166,6,Drama
497,167,3,Comedy
498,167,15,Family
499,167,7,Action
500,167,5,Adventure
501,168,7,Action
502,168,3,Comedy
503,169,9,Sci-Fi
504,169,7,Action
505,169,5,Adventure
506,170,6,Drama
507,170,2,Thriller
508,170,7,Action
509,170,5,Adventure
510,171,2,Thriller
511,171,9,Sci-Fi
512,171,7,Action
513,172,8,Mystery
514,172,2,Thriller
515,172,6,Drama
516,173,4,Animation
517,173,7,Action
518,173,5,Adventure
519,174,12,War
520,174,6,Drama
521,174,3,Comedy
522,175,16,Romance
523,175,3,Comedy
524,176,8,Mystery
525,176,6,Drama
526,177,6,Drama
527,178,16,Romance
528,178,6,Drama
529,179,17,Biography
530,179,6,Drama
531,179,3,Comedy
532,180,3,Comedy
533,180,7,Action
534,180,5,Adventure
535,181,8,Mystery
536,181,1,Horror
537,181,7,Action
538,181,6,Drama
539,182,3,Comedy
540,182,4,Animation
541,182,5,Adventure
542,183,6,Drama
543,184,14,Fantasy
544,184,15,Family
545,184,6,Drama
546,184,5,Adventure
547,185,16,Romance
548,185,9,Sci-Fi
549,185,6,Drama
550,186,6,Drama
551,186,3,Comedy
552,187,6,Drama
553,187,3,Comedy
554,188,6,Drama
555,189,0,Crime
556,189,7,Action
557,189,3,Comedy
558,190,2,Thriller
559,190,7,Action
560,191,16,Romance
561,191,1,Horror
562,191,6,Drama
563,192,16,Romance
564,192,3,Comedy
565,193,6,Drama
566,194,0,Crime
567,194,17,Biography
568,194,6,Drama
569,194,3,Comedy
570,195,0,Crime
571,195,8,Mystery
572,195,6,Drama
573,196,3,Comedy
574,196,15,Family
575,196,5,Adventure
576,197,6,Drama
577,198,14,Fantasy
578,198,5,Adventure
579,199,10,History
580,199,17,Biography
581,199,6,Drama
582,200,1,Horror
583,200,3,Comedy
584,201,16,Romance
585,201,8,Mystery
586,201,9,Sci-Fi
587,201,5,Adventure
588,202,14,Fantasy
589,202,15,Family
590,202,7,Action
591,202,5,Adventure
592,203,3,Comedy
593,203,1,Horror
594,203,2,Thriller
595,204,20,Music
596,204,18,Musical
597,204,6,Drama
598,204,3,Comedy
599,205,3,Comedy
600,205,4,Animation
601,205,5,Adventure
602,206,17,Biography
603,206,6,Drama
604,206,3,Comedy
605,207,6,Drama
606,207,9,Sci-Fi
607,207,7,Action
608,207,5,Adventure
609,208,4,Animation
610,208,7,Action
611,208,5,Adventure
612,209,14,Fantasy
613,209,1,Horror
614,209,6,Drama
615,210,0,Crime
616,210,17,Biography
617,210,6,Drama
618,211,10,History
619,211,2,Thriller
620,211,6,Drama
621,212,1,Horror
622,212,6,Drama
623,212,2,Thriller
624,213,6,Drama
625,213,9,Sci-Fi
626,213,7,Action
627,214,3,Comedy
628,214,4,Animation
629,214,5,Adventure
630,215,16,Romance
631,215,1,Horror
632,215,3,Comedy
633,216,0,Crime
634,216,7,Action
635,216,3,Comedy
636,217,16,Romance
637,217,2,Thriller
638,217,6,Drama
639,218,6,Drama
640,218,3,Comedy
641,219,0,Crime
642,219,2,Thriller
643,219,6,Drama
644,219,3,Comedy
645,220,16,Romance
646,220,6,Drama
647,221,12,War
648,221,6,Drama
649,222,16,Romance
650,222,17,Biography
651,222,6,Drama
652,223,2,Thriller
653,223,1,Horror
654,223,6,Drama
655,224,6,Drama
656,224,3,Comedy
657,225,20,Music
658,225,18,Musical
659,225,17,Biography
660,225,6,Drama
661,226,20,Music
662,226,6,Drama
663,226,3,Comedy
664,227,3,Comedy
665,227,4,Animation
666,227,5,Adventure
667,228,6,Drama
668,228,3,Comedy
669,229,16,Romance
670,229,14,Fantasy
671,229,6,Drama
672,229,3,Comedy
673,230,16,Romance
674,230,6,Drama
675,230,3,Comedy
676,231,0,Crime
677,231,2,Thriller
678,231,6,Drama
679,232,16,Romance
680,232,2,Thriller
681,233,9,Sci-Fi
682,233,7,Action
683,233,5,Adventure
684,234,3,Comedy
685,234,4,Animation
686,234,5,Adventure
687,235,14,Fantasy
688,235,9,Sci-Fi
689,235,7,Action
690,235,5,Adventure
691,236,16,Romance
692,236,6,Drama
693,237,14,Fantasy
694,237,6,Drama
695,237,3,Comedy
696,238,0,Crime
697,238,3,Comedy
698,239,8,Mystery
699,239,1,Horror
700,239,2,Thriller
701,240,8,Mystery
702,240,2,Thriller
703,240,7,Action
704,241,0,Crime
705,241,7,Action
706,241,3,Comedy
707,242,3,Comedy
708,242,14,Fantasy
709,242,5,Adventure
710,243,6,Drama
711,243,3,Comedy
712,244,9,Sci-Fi
713,244,7,Action
714,244,5,Adventure
715,245,14,Fantasy
716,245,7,Action
717,245,5,Adventure
718,246,1,Horror
719,246,6,Drama
720,247,2,Thriller
721,247,7,Action
722,247,5,Adventure
723,248,0,Crime
724,248,6,Drama
725,248,3,Comedy
726,249,16,Romance
727,249,6,Drama
728,250,6,Drama
729,250,2,Thriller
730,250,7,Action
731,251,2,Thriller
732,251,9,Sci-Fi
733,251,7,Action
734,252,2,Thriller
735,252,9,Sci-Fi
736,253,16,Romance
737,253,6,Drama
738,253,3,Comedy
739,254,6,Drama
740,255,16,Romance
741,255,6,Drama
742,255,3,Comedy
743,256,6,Drama
744,256,3,Comedy
745,257,0,Crime
746,257,2,Thriller
747,257,6,Drama
748,258,17,Biography
749,258,6,Drama
750,258,3,Comedy
751,259,0,Crime
752,259,2,Thriller
753,259,6,Drama
754,260,0,Crime
755,260,6,Drama
756,260,7,Action
757,261,7,Action
758,261,5,Adventure
759,262,1,Horror
760,262,2,Thriller
761,263,16,Romance
762,263,6,Drama
763,263,3,Comedy
764,264,6,Drama
765,264,3,Comedy
766,265,1,Horror
767,265,6,Drama
768,265,2,Thriller
769,266,9,Sci-Fi
770,266,7,Action
771,266,5,Adventure
772,267,0,Crime
773,267,17,Biography
774,267,6,Drama
775,268,16,Romance
776,268,3,Comedy
777,269,2,Thriller
778,269,6,Drama
779,270,6,Drama
780,270,3,Comedy
781,271,3,Comedy
782,271,6,Drama
783,271,5,Adventure
784,272,6,Drama
785,272,2,Thriller
786,272,7,Action
787,273,16,Romance
788,273,6,Drama
789,273,3,Comedy
790,274,13,Western
791,274,7,Action
792,274,5,Adventure
793,275,1,Horror
794,275,2,Thriller
795,276,0,Crime
796,276,8,Mystery
797,276,2,Thriller
798,276,6,Drama
799,277,0,Crime
800,277,7,Action
801,277,3,Comedy
802,278,6,Drama
803,278,3,Comedy
804,279,1,Horror
805,279,9,Sci-Fi
806,279,7,Action
807,280,6,Drama
808,281,15,Family
809,281,4,Animation
810,281,5,Adventure
811,282,6,Drama
812,282,16,Romance
813,282,9,Sci-Fi
814,282,7,Action
815,282,2,Thriller
816,283,0,Crime
817,283,2,Thriller
818,283,6,Drama
819,284,0,Crime
820,284,7,Action
821,284,3,Comedy
822,285,16,Romance
823,285,6,Drama
824,286,6,Drama
825,286,3,Comedy
826,287,3,Comedy
827,287,4,Animation
828,287,5,Adventure
829,288,20,Music
830,288,17,Biography
831,288,6,Drama
832,289,16,Romance
833,289,6,Drama
834,289,3,Comedy
835,290,16,Romance
836,290,6,Drama
837,290,3,Comedy
838,291,0,Crime
839,291,8,Mystery
840,291,2,Thriller
841,292,16,Romance
842,292,6,Drama
843,293,0,Crime
844,293,8,Mystery
845,293,2,Thriller
846,293,7,Action
847,294,0,Crime
848,294,11,Historical
849,294,6,Drama
850,295,2,Thriller
851,295,9,Sci-Fi
852,295,6,Drama
853,296,6,Drama
854,296,17,Biography
855,296,7,Action
856,297,17,Biography
857,297,6,Drama
858,298,3,Comedy
859,298,6,Drama
860,298,5,Adventure
861,299,16,Romance
862,299,17,Biography
863,299,6,Drama
864,300,8,Mystery
865,300,3,Comedy
866,301,6,Drama
867,301,9,Sci-Fi
868,301,7,Action
869,301,5,Adventure
870,302,11,Historical
871,302,10,History
872,302,17,Biography
873,302,6,Drama
874,303,3,Comedy
875,304,12,War
876,304,17,Biography
877,304,6,Drama
878,304,3,Comedy
879,305,10,History
880,305,17,Biography
881,305,6,Drama
882,306,19,Sport
883,306,17,Biography
884,306,6,Drama
885,307,0,Crime
886,307,6,Drama
887,307,2,Thriller
888,307,7,Action
889,308,6,Drama
890,308,3,Comedy
891,309,16,Romance
892,309,6,Drama
893,310,17,Biography
894,310,6,Drama
895,311,0,Crime
896,311,2,Thriller
897,311,6,Drama
898,312,17,Biography
899,312,6,Drama
900,313,10,History
901,313,17,Biography
902,313,6,Drama
903,314,14,Fantasy
904,314,6,Drama
905,314,5,Adventure
906,315,2,Thriller
907,315,17,Biography
908,315,6,Drama
909,316,16,Romance
910,316,6,Drama
911,317,0,Crime
912,317,17,Biography
913,317,6,Drama
914,318,0,Crime
915,318,2,Thriller
916,318,6,Drama
917,319,0,Crime
918,319,2,Thriller
919,319,6,Drama
920,320,3,Comedy
921,320,4,Animation
922,320,5,Adventure
923,321,0,Crime
924,321,2,Thriller
925,321,7,Action
926,322,16,Romance
927,322,6,Drama
928,322,3,Comedy
929,323,0,Crime
930,323,6,Drama
931,323,9,Sci-Fi
932,323,7,Action
933,324,16,Romance
934,324,6,Drama
935,324,3,Comedy
936,325,9,Sci-Fi
937,325,7,Action
938,325,5,Adventure
939,326,6,Drama
940,326,17,Biography
941,326,7,Action
942,327,16,Romance
943,327,6,Drama
944,327,3,Comedy
945,328,3,Comedy
946,328,4,Animation
947,328,5,Adventure
948,329,14,Fantasy
949,329,7,Action
950,329,3,Comedy
951,330,14,Fantasy
952,330,9,Sci-Fi
953,330,7,Action
954,331,0,Crime
955,331,7,Action
956,331,3,Comedy
957,332,9,Sci-Fi
958,332,7,Action
959,332,5,Adventure
960,333,3,Comedy
961,333,14,Fantasy
962,333,6,Drama
963,333,5,Adventure
964,334,0,Crime
965,334,6,Drama
966,335,20,Music
967,335,6,Drama
968,336,19,Sport
969,336,17,Biography
970,336,6,Drama
971,337,6,Drama
972,337,3,Comedy
973,338,0,Crime
974,338,6,Drama
975,338,7,Action
976,339,8,Mystery
977,339,2,Thriller
978,339,9,Sci-Fi
979,339,6,Drama
980,340,16,Romance
981,340,17,Biography
982,340,6,Drama
983,341,0,Crime
984,341,8,Mystery
985,341,6,Drama
986,342,3,Comedy
987,343,17,Biography
988,343,6,Drama
989,343,3,Comedy
990,344,13,Western
991,344,6,Drama
992,345,3,Comedy
993,345,4,Animation
994,345,5,Adventure
995,346,8,Mystery
996,346,2,Thriller
997,346,6,Drama
998,347,8,Mystery
999,347,1,Horror
1000,347,2,Thriller
1001,348,9,Sci-Fi
1002,348,7,Action
1003,348,3,Comedy
1004,349,0,Crime
1005,349,2,Thriller
1006,349,6,Drama
1007,350,3,Comedy
1008,351,3,Comedy
1009,351,6,Drama
1010,351,5,Adventure
1011,352,0,Crime
1012,352,6,Drama
1013,352,2,Thriller
1014,352,7,Action
1015,353,17,Biography
1016,353,6,Drama
1017,354,9,Sci-Fi
1018,354,6,Drama
1019,355,0,Crime
1020,355,2,Thriller
1021,356,0,Crime
1022,356,8,Mystery
1023,356,2,Thriller
1024,357,16,Romance
1025,357,17,Biography
1026,357,6,Drama
1027,358,0,Crime
1028,358,19,Sport
1029,358,2,Thriller
1030,358,7,Action
1031,359,16,Romance
1032,359,6,Drama
1033,359,3,Comedy
1034,360,14,Fantasy
1035,360,6,Drama
1036,360,5,Adventure
1037,361,0,Crime
1038,361,7,Action
1039,361,3,Comedy
1040,362,0,Crime
1041,362,6,Drama
1042,362,8,Mystery
1043,362,7,Action
1044,363,3,Comedy
1045,364,15,Family
1046,364,4,Animation
1047,364,3,Comedy
1048,365,2,Thriller
1049,365,7,Action
1050,365,5,Adventure
1051,366,0,Crime
1052,366,6,Drama
1053,366,7,Action
1054,367,1,Horror
1055,367,2,Thriller
1056,368,16,Romance
1057,368,7,Action
1058,368,3,Comedy
1059,369,16,Romance
1060,369,6,Drama
1061,370,3,Comedy
1062,371,17,Biography
1063,371,6,Drama
1064,372,6,Drama
1065,372,2,Thriller
1066,372,7,Action
1067,373,13,Western
1068,373,6,Drama
1069,374,9,Sci-Fi
1070,374,7,Action
1071,374,5,Adventure
1072,375,3,Comedy
1073,375,4,Animation
1074,375,5,Adventure
1075,376,14,Fantasy
1076,376,7,Action
1077,376,5,Adventure
1078,377,14,Fantasy
1079,377,6,Drama
1080,377,5,Adventure
1081,378,16,Romance
1082,378,3,Comedy
1083,379,16,Romance
1084,379,3,Comedy
1085,380,0,Crime
1086,380,8,Mystery
1087,380,2,Thriller
1088,380,6,Drama
1089,381,1,Horror
1090,381,9,Sci-Fi
1091,381,2,Thriller
1092,382,14,Fantasy
1093,382,1,Horror
1094,382,3,Comedy
1095,383,0,Crime
1096,383,2,Thriller
1097,383,7,Action
1098,383,5,Adventure
1099,384,16,Romance
1100,384,6,Drama
1101,384,3,Comedy
1102,385,16,Romance
1103,385,6,Drama
1104,385,8,Mystery
1105,386,0,Crime
1106,386,6,Drama
1107,386,2,Thriller
1108,386,7,Action
1109,387,0,Crime
1110,387,2,Thriller
1111,387,7,Action
1112,388,2,Thriller
1113,388,9,Sci-Fi
1114,388,6,Drama
1115,388,5,Adventure
1116,389,14,Fantasy
1117,389,15,Family
1118,389,5,Adventure
1119,390,12,War
1120,390,6,Drama
1121,391,3,Comedy
1122,391,14,Fantasy
1123,391,7,Action
1124,391,5,Adventure
1125,392,6,Drama
1126,393,3,Comedy
1127,393,9,Sci-Fi
1128,393,5,Adventure
1129,394,0,Crime
1130,394,7,Action
1131,394,6,Drama
1132,395,17,Biography
1133,395,6,Drama
1134,395,3,Comedy
1135,396,0,Crime
1136,396,6,Drama
1137,396,7,Action
1138,397,0,Crime
1139,397,2,Thriller
1140,397,21,News
1141,397,6,Drama
1142,398,2,Thriller
1143,398,9,Sci-Fi
1144,398,6,Drama
1145,399,6,Drama
1146,399,3,Comedy
1147,400,14,Fantasy
1148,400,1,Horror
1149,400,7,Action
1150,400,2,Thriller
1151,401,10,History
1152,401,6,Drama
1153,401,5,Adventure
1154,402,2,Thriller
1155,402,7,Action
1156,402,5,Adventure
1157,403,6,Drama
1158,403,8,Mystery
1159,403,9,Sci-Fi
1160,403,7,Action
1161,404,9,Sci-Fi
1162,404,7,Action
1163,404,5,Adventure
1164,405,3,Comedy
1165,405,4,Animation
1166,405,5,Adventure
1167,406,9,Sci-Fi
1168,406,7,Action
1169,406,5,Adventure
1170,407,15,Family
1171,407,4,Animation
1172,407,3,Comedy
1173,408,16,Romance
1174,408,6,Drama
1175,408,3,Comedy
1176,409,9,Sci-Fi
1177,409,7,Action
1178,409,5,Adventure
1179,410,19,Sport
1180,410,7,Action
1181,410,6,Drama
1182,411,16,Romance
1183,411,3,Comedy
1184,412,15,Family
1185,412,4,Animation
1186,412,3,Comedy
1187,413,1,Horror
1188,413,9,Sci-Fi
1189,413,3,Comedy
1190,414,15,Family
1191,414,3,Comedy
1192,415,0,Crime
1193,415,6,Drama
1194,415,2,Thriller
1195,415,7,Action
1196,416,3,Comedy
1197,416,4,Animation
1198,416,5,Adventure
1199,417,16,Romance
1200,417,6,Drama
1201,417,3,Comedy
1202,418,2,Thriller
1203,418,6,Drama
1204,419,2,Thriller
1205,419,14,Fantasy
1206,419,1,Horror
1207,419,3,Comedy
1208,420,16,Romance
1209,420,6,Drama
1210,420,3,Comedy
1211,421,9,Sci-Fi
1212,421,7,Action
1213,422,9,Sci-Fi
1214,422,7,Action
1215,422,3,Comedy
1216,423,2,Thriller
1217,423,6,Drama
1218,424,16,Romance
1219,424,2,Thriller
1220,424,17,Biography
1221,424,6,Drama
1222,425,3,Comedy
1223,426,0,Crime
1224,426,8,Mystery
1225,426,7,Action
1226,426,5,Adventure
1227,427,6,Drama
1228,427,2,Thriller
1229,427,7,Action
1230,427,5,Adventure
1231,428,16,Romance
1232,428,14,Fantasy
1233,428,3,Comedy
1234,429,8,Mystery
1235,429,2,Thriller
1236,429,9,Sci-Fi
1237,430,8,Mystery
1238,430,2,Thriller
1239,430,9,Sci-Fi
1240,431,14,Fantasy
1241,431,6,Drama
1242,432,16,Romance
1243,432,6,Drama
1244,432,3,Comedy
1245,433,6,Drama
1246,433,9,Sci-Fi
1247,433,7,Action
1248,434,14,Fantasy
1249,434,9,Sci-Fi
1250,434,6,Drama
1251,435,0,Crime
1252,435,7,Action
1253,435,3,Comedy
1254,436,16,Romance
1255,436,6,Drama
1256,437,16,Romance
1257,437,3,Comedy
1258,438,0,Crime
1259,438,3,Comedy
1260,439,8,Mystery
1261,439,9,Sci-Fi
1262,439,7,Action
1263,439,5,Adventure
1264,440,16,Romance
1265,440,5,Adventure
1266,440,7,Action
1267,440,3,Comedy
1268,441,3,Comedy
1269,441,15,Family
1270,441,4,Animation
1271,441,5,Adventure
1272,442,2,Thriller
1273,442,6,Drama
1274,443,8,Mystery
1275,443,2,Thriller
1276,443,6,Drama
1277,444,11,Historical
1278,444,17,Biography
1279,444,6,Drama
1280,445,0,Crime
1281,445,2,Thriller
1282,445,6,Drama
1283,446,9,Sci-Fi
1284,446,7,Action
1285,446,5,Adventure
1286,447,14,Fantasy
1287,447,15,Family
1288,447,6,Drama
1289,447,5,Adventure
1290,448,3,Comedy
1291,448,4,Animation
1292,448,5,Adventure
1293,449,7,Action
1294,449,3,Comedy
1295,450,17,Biography
1296,450,6,Drama
1297,451,0,Crime
1298,451,6,Drama
1299,451,7,Action
1300,452,1,Horror
1301,452,9,Sci-Fi
1302,452,7,Action
1303,452,5,Adventure
1304,453,16,Romance
1305,453,14,Fantasy
1306,453,6,Drama
1307,453,5,Adventure
1308,454,8,Mystery
1309,454,2,Thriller
1310,454,6,Drama
1311,455,20,Music
1312,455,18,Musical
1313,455,6,Drama
1314,456,16,Romance
1315,456,14,Fantasy
1316,456,1,Horror
1317,456,6,Drama
1318,457,2,Thriller
1319,457,9,Sci-Fi
1320,457,7,Action
1321,458,4,Animation
1322,458,7,Action
1323,458,5,Adventure
1324,459,16,Romance
1325,459,2,Thriller
1326,459,9,Sci-Fi
1327,460,6,Drama
1328,461,0,Crime
1329,461,7,Action
1330,461,17,Biography
1331,461,6,Drama
1332,462,0,Crime
1333,462,8,Mystery
1334,462,1,Horror
1335,462,6,Drama
1336,463,3,Comedy
1337,463,15,Family
1338,463,7,Action
1339,463,5,Adventure
1340,464,15,Family
1341,464,4,Animation
1342,464,5,Adventure
1343,465,3,Comedy
1344,466,0,Crime
1345,466,1,Horror
1346,466,7,Action
1347,466,3,Comedy
1348,467,14,Fantasy
1349,467,7,Action
1350,467,5,Adventure
1351,468,12,War
1352,468,7,Action
1353,468,6,Drama
1354,468,5,Adventure
1355,469,6,Drama
1356,469,8,Mystery
1357,469,7,Action
1358,469,14,Fantasy
1359,470,3,Comedy
1360,470,4,Animation
1361,470,5,Adventure
1362,471,9,Sci-Fi
1363,471,7,Action
1364,471,5,Adventure
1365,472,0,Crime
1366,472,7,Action
1367,472,5,Adventure
1368,473,3,Comedy
1369,473,15,Family
1370,473,4,Animation
1371,473,5,Adventure
1372,474,14,Fantasy
1373,474,2,Thriller
1374,474,6,Drama
1375,475,0,Crime
1376,475,17,Biography
1377,475,6,Drama
1378,476,14,Fantasy
1379,476,9,Sci-Fi
1380,476,7,Action
1381,476,5,Adventure
1382,477,4,Animation
1383,477,7,Action
1384,477,5,Adventure
1385,478,15,Family
1386,478,3,Comedy
1387,479,0,Crime
1388,479,2,Thriller
1389,479,3,Comedy
1390,480,0,Crime
1391,480,2,Thriller
1392,480,7,Action
1393,480,3,Comedy
1394,481,8,Mystery
1395,481,2,Thriller
1396,481,6,Drama
1397,482,19,Sport
1398,482,17,Biography
1399,482,6,Drama
1400,483,17,Biography
1401,483,6,Drama
1402,483,5,Adventure
1403,484,20,Music
1404,484,16,Romance
1405,484,6,Drama
1406,485,16,Romance
1407,485,6,Drama
1408,485,3,Comedy
1409,486,1,Horror
1410,486,7,Action
1411,486,3,Comedy
1412,487,0,Crime
1413,487,10,History
1414,487,2,Thriller
1415,487,7,Action
1416,488,16,Romance
1417,488,6,Drama
1418,489,8,Mystery
1419,489,2,Thriller
1420,489,6,Drama
1421,490,6,Drama
1422,490,14,Fantasy
1423,490,7,Action
1424,491,3,Comedy
1425,492,14,Fantasy
1426,492,2,Thriller
1427,492,9,Sci-Fi
1428,492,7,Action
1429,493,0,Crime
1430,493,6,Drama
1431,493,7,Action
1432,494,8,Mystery
1433,494,1,Horror
1434,494,2,Thriller
1435,495,17,Biography
1436,495,6,Drama
1437,496,16,Romance
1438,496,6,Drama
1439,496,3,Comedy
1440,497,6,Drama
1441,497,3,Comedy
1442,498,14,Fantasy
1443,498,15,Family
1444,498,6,Drama
1445,498,3,Comedy
1446,499,6,Drama
1447,499,17,Biography
1448,499,7,Action
1449,500,2,Thriller
1450,500,17,Biography
1451,500,6,Drama
1452,501,0,Crime
1453,501,6,Drama
1454,502,1,Horror
1455,502,7,Action
1456,502,5,Adventure
1457,503,8,Mystery
1458,503,1,Horror
1459,504,2,Thriller
1460,504,9,Sci-Fi
1461,504,6,Drama
1462,505,6,Drama
1463,505,7,Action
1464,505,5,Adventure
1465,506,6,Drama
1466,506,1,Horror
1467,506,7,Action
1468,506,5,Adventure
1469,507,0,Crime
1470,507,6,Drama
1471,507,7,Action
1472,508,20,Music
1473,508,6,Drama
1474,508,3,Comedy
1475,509,10,History
1476,509,17,Biography
1477,509,6,Drama
1478,510,3,Comedy
1479,511,0,Crime
1480,511,9,Sci-Fi
1481,511,7,Action
1482,511,8,Mystery
1483,511,2,Thriller
1484,512,0,Crime
1485,512,2,Thriller
1486,512,7,Action
1487,513,15,Family
1488,513,6,Drama
1489,514,16,Romance
1490,514,8,Mystery
1491,514,9,Sci-Fi
1492,514,3,Comedy
1493,515,19,Sport
1494,515,16,Romance
1495,515,3,Comedy
1496,516,6,Drama
1497,516,3,Comedy
1498,517,3,Comedy
1499,518,8,Mystery
1500,518,2,Thriller
1501,518,9,Sci-Fi
1502,518,6,Drama
1503,519,14,Fantasy
1504,519,15,Family
1505,519,5,Adventure
1506,520,6,Drama
1507,520,9,Sci-Fi
1508,520,7,Action
1509,520,5,Adventure
1510,521,0,Crime
1511,521,7,Action
1512,521,3,Comedy
1513,522,3,Comedy
1514,522,14,Fantasy
1515,522,15,Family
1516,522,5,Adventure
1517,523,6,Drama
1518,523,14,Fantasy
1519,523,7,Action
1520,523,5,Adventure
1521,524,16,Romance
1522,524,6,Drama
1523,525,6,Drama
1524,525,3,Comedy
1525,526,1,Horror
1526,526,7,Action
1527,526,2,Thriller
1528,527,6,Drama
1529,528,0,Crime
1530,528,6,Drama
1531,528,7,Action
1532,528,5,Adventure
1533,529,8,Mystery
1534,529,6,Drama
1535,529,5,Adventure
1536,530,0,Crime
1537,530,1,Horror
1538,530,7,Action
1539,530,2,Thriller
1540,531,3,Comedy
1541,531,4,Animation
1542,531,5,Adventure
1543,532,14,Fantasy
1544,532,3,Comedy
1545,533,6,Drama
1546,533,15,Family
1547,533,7,Action
1548,534,0,Crime
1549,534,2,Thriller
1550,534,7,Action
1551,535,19,Sport
1552,535,17,Biography
1553,535,6,Drama
1554,536,8,Mystery
1555,536,6,Drama
1556,537,3,Comedy
1557,537,4,Animation
1558,537,5,Adventure
1559,538,0,Crime
1560,538,16,Romance
1561,538,6,Drama
1562,539,2,Thriller
1563,539,6,Drama
1564,540,8,Mystery
1565,540,9,Sci-Fi
1566,540,7,Action
1567,540,5,Adventure
1568,541,0,Crime
1569,541,9,Sci-Fi
1570,541,7,Action
1571,542,0,Crime
1572,542,8,Mystery
1573,542,2,Thriller
1574,542,6,Drama
1575,543,16,Romance
1576,543,6,Drama
1577,543,3,Comedy
1578,544,6,Drama
1579,544,3,Comedy
1580,545,1,Horror
1581,545,6,Drama
1582,546,16,Romance
1583,546,6,Drama
1584,546,3,Comedy
1585,547,8,Mystery
1586,547,1,Horror
1587,547,7,Action
1588,547,5,Adventure
1589,548,14,Fantasy
1590,548,2,Thriller
1591,548,1,Horror
1592,548,8,Mystery
1593,549,11,Historical
1594,549,10,History
1595,549,17,Biography
1596,549,6,Drama
1597,550,8,Mystery
1598,550,2,Thriller
1599,550,9,Sci-Fi
1600,550,6,Drama
1601,551,4,Animation
1602,551,15,Family
1603,551,6,Drama
1604,551,14,Fantasy
1605,551,5,Adventure
1606,552,3,Comedy
1607,552,15,Family
1608,552,7,Action
1609,552,5,Adventure
1610,553,0,Crime
1611,553,8,Mystery
1612,553,1,Horror
1613,553,2,Thriller
1614,554,12,War
1615,554,3,Comedy
1616,555,0,Crime
1617,555,6,Drama
1618,555,2,Thriller
1619,555,7,Action
1620,556,19,Sport
1621,556,17,Biography
1622,556,6,Drama
1623,557,8,Mystery
1624,557,1,Horror
1625,557,6,Drama
1626,557,2,Thriller
1627,558,3,Comedy
1628,558,1,Horror
1629,558,5,Adventure
1630,559,15,Family
1631,559,6,Drama
1632,560,16,Romance
1633,560,6,Drama
1634,560,3,Comedy
1635,561,1,Horror
1636,561,6,Drama
1637,561,2,Thriller
1638,562,16,Romance
1639,562,6,Drama
1640,563,0,Crime
1641,563,1,Horror
1642,563,2,Thriller
1643,564,0,Crime
1644,564,6,Drama
1645,564,7,Action
1646,564,5,Adventure
1647,564,2,Thriller
1648,565,15,Family
1649,565,6,Drama
1650,565,14,Fantasy
1651,565,7,Action
1652,565,5,Adventure
1653,566,14,Fantasy
1654,566,9,Sci-Fi
1655,566,7,Action
1656,566,5,Adventure
1657,567,16,Romance
1658,567,6,Drama
1659,568,2,Thriller
1660,568,6,Drama
1661,569,0,Crime
1662,569,6,Drama
1663,569,7,Action
1664,569,5,Adventure
1665,570,9,Sci-Fi
1666,570,7,Action
1667,570,5,Adventure
1668,571,14,Fantasy
1669,571,7,Action
1670,571,5,Adventure
1671,572,8,Mystery
1672,572,1,Horror
1673,572,2,Thriller
1674,573,14,Fantasy
1675,573,7,Action
1676,573,5,Adventure
1677,574,16,Romance
1678,574,14,Fantasy
1679,574,6,Drama
1680,575,15,Family
1681,575,4,Animation
1682,575,9,Sci-Fi
1683,575,5,Adventure
1684,576,1,Horror
1685,576,9,Sci-Fi
1686,576,7,Action
1687,577,6,Drama
1688,577,3,Comedy
1689,578,1,Horror
1690,578,2,Thriller
1691,579,0,Crime
1692,579,6,Drama
1693,580,16,Romance
1694,580,1,Horror
1695,580,6,Drama
1696,581,1,Horror
1697,581,2,Thriller
1698,582,15,Family
1699,582,4,Animation
1700,582,6,Drama
1701,583,0,Crime
1702,583,6,Drama
1703,583,7,Action
1704,584,6,Drama
1705,585,0,Crime
1706,585,6,Drama
1707,585,3,Comedy
1708,586,16,Romance
1709,586,3,Comedy
1710,587,4,Animation
1711,587,6,Drama
1712,587,3,Comedy
1713,588,0,Crime
1714,588,6,Drama
1715,588,2,Thriller
1716,588,7,Action
1717,589,7,Action
1718,589,3,Comedy
1719,590,8,Mystery
1720,590,1,Horror
1721,590,2,Thriller
1722,591,16,Romance
1723,591,14,Fantasy
1724,591,3,Comedy
1725,592,16,Romance
1726,592,6,Drama
1727,593,16,Romance
1728,593,6,Drama
1729,593,3,Comedy
1730,594,2,Thriller
1731,594,9,Sci-Fi
1732,595,16,Romance
1733,595,6,Drama
1734,595,3,Comedy
1735,596,0,Crime
1736,596,2,Thriller
1737,596,7,Action
1738,597,6,Drama
1739,597,7,Action
1740,597,5,Adventure
1741,598,6,Drama
1742,598,3,Comedy
1743,599,14,Fantasy
1744,599,15,Family
1745,599,3,Comedy
1746,600,0,Crime
1747,600,6,Drama
1748,600,7,Action
1749,601,16,Romance
1750,601,9,Sci-Fi
1751,601,6,Drama
1752,602,2,Thriller
1753,602,6,Drama
1754,603,8,Mystery
1755,603,6,Drama
1756,604,16,Romance
1757,604,6,Drama
1758,605,0,Crime
1759,605,3,Comedy
1760,605,5,Adventure
1761,606,16,Romance
1762,606,3,Comedy
1763,607,16,Romance
1764,607,11,Historical
1765,607,6,Drama
1766,608,12,War
1767,608,2,Thriller
1768,608,6,Drama
1769,609,15,Family
1770,609,4,Animation
1771,609,7,Action
1772,609,5,Adventure
1773,610,6,Drama
1774,610,7,Action
1775,611,16,Romance
1776,611,14,Fantasy
1777,611,6,Drama
1778,611,3,Comedy
1779,612,16,Romance
1780,612,6,Drama
1781,612,3,Comedy
1782,613,1,Horror
1783,613,2,Thriller
1784,614,0,Crime
1785,614,1,Horror
1786,614,2,Thriller
1787,615,0,Crime
1788,615,2,Thriller
1789,615,7,Action
1790,616,6,Drama
1791,617,19,Sport
1792,617,15,Family
1793,617,17,Biography
1794,617,6,Drama
1795,618,6,Drama
1796,619,0,Crime
1797,619,14,Fantasy
1798,619,7,Action
1799,620,17,Biography
1800,620,6,Drama
1801,620,5,Adventure
1802,621,0,Crime
1803,621,6,Drama
1804,621,3,Comedy
1805,622,16,Romance
1806,622,3,Comedy
1807,623,10,History
1808,623,11,Historical
1809,623,6,Drama
1810,624,3,Comedy
1811,624,15,Family
1812,624,4,Animation
1813,624,5,Adventure
1814,625,2,Thriller
1815,625,6,Drama
1816,625,5,Adventure
1817,626,2,Thriller
1818,626,7,Action
1819,626,5,Adventure
1820,627,6,Drama
1821,627,7,Action
1822,627,5,Adventure
1823,628,3,Comedy
1824,628,4,Animation
1825,628,5,Adventure
1826,629,16,Romance
1827,629,6,Drama
1828,629,3,Comedy
1829,630,4,Animation
1830,630,7,Action
1831,630,3,Comedy
1832,631,0,Crime
1833,631,8,Mystery
1834,631,2,Thriller
1835,631,6,Drama
1836,632,16,Romance
1837,632,6,Drama
1838,632,3,Comedy
1839,633,4,Animation
1840,633,7,Action
1841,633,5,Adventure
1842,634,0,Crime
1843,634,17,Biography
1844,634,6,Drama
1845,635,2,Thriller
1846,635,14,Fantasy
1847,635,1,Horror
1848,635,8,Mystery
1849,636,0,Crime
1850,636,6,Drama
1851,636,2,Thriller
1852,636,7,Action
1853,637,15,Family
1854,637,6,Drama
1855,637,3,Comedy
1856,638,16,Romance
1857,638,6,Drama
1858,638,3,Comedy
1859,639,2,Thriller
1860,639,6,Drama
1861,640,16,Romance
1862,640,6,Drama
1863,641,20,Music
1864,641,6,Drama
1865,642,16,Romance
1866,642,17,Biography
1867,642,6,Drama
1868,643,6,Drama
1869,643,3,Comedy
1870,644,19,Sport
1871,644,17,Biography
1872,644,6,Drama
1873,645,3,Comedy
1874,645,6,Drama
1875,645,5,Adventure
1876,646,16,Romance
1877,646,6,Drama
1878,647,0,Crime
1879,647,2,Thriller
1880,647,7,Action
1881,648,16,Romance
1882,648,6,Drama
1883,648,3,Comedy
1884,649,16,Romance
1885,649,10,History
1886,649,17,Biography
1887,649,6,Drama
1888,650,1,Horror
1889,650,6,Drama
1890,651,7,Action
1891,651,6,Drama
1892,652,16,Romance
1893,652,6,Drama
1894,653,0,Crime
1895,653,6,Drama
1896,653,7,Action
1897,653,3,Comedy
1898,654,4,Animation
1899,654,7,Action
1900,654,5,Adventure
1901,655,14,Fantasy
1902,655,7,Action
1903,655,5,Adventure
1904,656,2,Thriller
1905,656,17,Biography
1906,656,6,Drama
1907,657,17,Biography
1908,657,6,Drama
1909,658,12,War
1910,658,10,History
1911,658,6,Drama
1912,658,8,Mystery
1913,659,8,Mystery
1914,659,1,Horror
1915,659,6,Drama
1916,660,14,Fantasy
1917,660,6,Drama
1918,660,3,Comedy
1919,661,16,Romance
1920,661,6,Drama
1921,661,3,Comedy
1922,662,16,Romance
1923,662,3,Comedy
1924,663,20,Music
1925,663,3,Comedy
1926,663,5,Adventure
1927,664,12,War
1928,664,16,Romance
1929,664,6,Drama
1930,665,12,War
1931,665,6,Drama
1932,666,15,Family
1933,666,7,Action
1934,666,5,Adventure
1935,667,3,Comedy
1936,667,4,Animation
1937,667,7,Action
1938,667,5,Adventure
1939,668,16,Romance
1940,668,6,Drama
1941,669,15,Family
1942,669,6,Drama
1943,670,8,Mystery
1944,670,2,Thriller
1945,670,6,Drama
1946,671,9,Sci-Fi
1947,671,7,Action
1948,671,5,Adventure
1949,672,16,Romance
1950,672,2,Thriller
1951,672,6,Drama
1952,673,14,Fantasy
1953,673,6,Drama
1954,673,3,Comedy
1955,674,0,Crime
1956,674,6,Drama
1957,674,3,Comedy
1958,675,6,Drama
1959,675,19,Sport
1960,675,7,Action
1961,676,0,Crime
1962,676,2,Thriller
1963,676,7,Action
1964,677,0,Crime
1965,677,6,Drama
1966,677,7,Action
1967,678,6,Drama
1968,679,3,Comedy
1969,679,17,Biography
1970,679,6,Drama
1971,679,5,Adventure
1972,680,6,Drama
1973,680,10,History
1974,680,12,War
1975,680,7,Action
1976,681,3,Comedy
1977,681,7,Action
1978,681,5,Adventure
1979,682,0,Crime
1980,682,6,Drama
1981,682,2,Thriller
1982,682,7,Action
1983,683,16,Romance
1984,683,6,Drama
1985,683,5,Adventure
1986,684,16,Romance
1987,684,6,Drama
1988,684,3,Comedy
1989,685,19,Sport
1990,685,6,Drama
1991,686,0,Crime
1992,686,2,Thriller
1993,686,6,Drama
1994,687,14,Fantasy
1995,687,15,Family
1996,687,3,Comedy
1997,688,15,Family
1998,688,6,Drama
1999,688,14,Fantasy
2000,688,7,Action
2001,688,5,Adventure
2002,689,10,History
2003,689,2,Thriller
2004,689,11,Historical
2005,689,6,Drama
2006,690,6,Drama
2007,690,2,Thriller
2008,690,9,Sci-Fi
2009,690,7,Action
2010,691,16,Romance
2011,691,3,Comedy
2012,692,20,Music
2013,692,18,Musical
2014,692,16,Romance
2015,692,6,Drama
2016,693,16,Romance
2017,693,10,History
2018,693,17,Biography
2019,693,6,Drama
2020,694,11,Historical
2021,694,17,Biography
2022,694,6,Drama
2023,695,0,Crime
2024,695,2,Thriller
2025,695,17,Biography
2026,695,6,Drama
2027,696,1,Horror
2028,696,2,Thriller
2029,697,6,Drama
2030,697,17,Biography
2031,697,7,Action
2032,698,8,Mystery
2033,698,1,Horror
2034,698,6,Drama
2035,698,2,Thriller
2036,699,8,Mystery
2037,699,6,Drama
2038,700,3,Comedy
2039,700,14,Fantasy
2040,700,15,Family
2041,700,5,Adventure
2042,701,11,Historical
2043,701,17,Biography
2044,701,6,Drama
2045,702,16,Romance
2046,702,6,Drama
2047,702,3,Comedy
2048,703,20,Music
2049,703,18,Musical
2050,703,17,Biography
2051,703,6,Drama
2052,704,12,War
2053,704,17,Biography
2054,704,6,Drama
2055,704,3,Comedy
2056,705,16,Romance
2057,705,6,Drama
2058,705,3,Comedy
2059,706,2,Thriller
2060,706,1,Horror
2061,706,7,Action
2062,706,3,Comedy
2063,707,6,Drama
2064,707,3,Comedy
2065,708,12,War
2066,708,6,Drama
2067,709,0,Crime
2068,709,8,Mystery
2069,709,6,Drama
2070,710,0,Crime
2071,710,16,Romance
2072,710,2,Thriller
2073,710,6,Drama
2074,711,16,Romance
2075,711,6,Drama
2076,712,16,Romance
2077,712,3,Comedy
2078,713,16,Romance
2079,713,6,Drama
2080,713,3,Comedy
2081,714,0,Crime
2082,714,7,Action
2083,714,5,Adventure
2084,715,14,Fantasy
2085,715,1,Horror
2086,716,20,Music
2087,716,6,Drama
2088,717,8,Mystery
2089,717,1,Horror
2090,717,2,Thriller
2091,718,15,Family
2092,718,6,Drama
2093,719,19,Sport
2094,719,5,Adventure
2095,719,3,Comedy
2096,720,16,Romance
2097,720,15,Family
2098,720,6,Drama
2099,720,3,Comedy
2100,721,16,Romance
2101,721,2,Thriller
2102,721,6,Drama
2103,722,16,Romance
2104,722,17,Biography
2105,722,6,Drama
2106,723,14,Fantasy
2107,723,7,Action
2108,723,5,Adventure
2109,724,0,Crime
2110,724,6,Drama
2111,724,7,Action
2112,725,14,Fantasy
2113,725,6,Drama
2114,725,3,Comedy
2115,726,20,Music
2116,726,16,Romance
2117,726,6,Drama
2118,726,3,Comedy
2119,727,3,Comedy
2120,727,5,Adventure
2121,728,6,Drama
2122,728,2,Thriller
2123,728,7,Action
2124,729,20,Music
2125,729,16,Romance
2126,729,3,Comedy
2127,730,1,Horror
2128,730,9,Sci-Fi
2129,730,2,Thriller
2130,731,18,Musical
2131,731,14,Fantasy
2132,731,1,Horror
2133,731,9,Sci-Fi
2134,732,6,Drama
2135,732,3,Comedy
2136,733,6,Drama
2137,733,3,Comedy
2138,734,7,Action
2139,734,3,Comedy
2140,735,8,Mystery
2141,735,2,Thriller
2142,736,6,Drama
2143,736,10,History
2144,736,11,Historical
2145,736,17,Biography
2146,736,2,Thriller
2147,737,3,Comedy
2148,737,4,Animation
2149,737,5,Adventure
2150,738,16,Romance
2151,738,6,Drama
2152,739,16,Romance
2153,739,6,Drama
2154,739,3,Comedy
2155,740,19,Sport
2156,740,17,Biography
2157,740,6,Drama
2158,741,16,Romance
2159,741,6,Drama
2160,741,3,Comedy
2161,742,16,Romance
2162,742,6,Drama
2163,742,3,Comedy
2164,743,1,Horror
2165,743,6,Drama
2166,743,2,Thriller
2167,744,0,Crime
2168,744,20,Music
2169,744,16,Romance
2170,744,6,Drama
2171,745,0,Crime
2172,745,2,Thriller
2173,745,6,Drama
2174,746,8,Mystery
2175,746,2,Thriller
2176,746,9,Sci-Fi
2177,746,6,Drama
2178,747,6,Drama
2179,747,3,Comedy
2180,748,14,Fantasy
2181,748,7,Action
2182,748,5,Adventure
2183,749,2,Thriller
2184,749,7,Action
2185,749,5,Adventure
2186,750,15,Family
2187,750,4,Animation
2188,750,3,Comedy
2189,751,6,Drama
2190,751,11,Historical
2191,751,7,Action
2192,751,5,Adventure
2193,752,2,Thriller
2194,752,7,Action
2195,752,9,Sci-Fi
2196,752,6,Drama
2197,753,0,Crime
2198,753,2,Thriller
2199,753,6,Drama
2200,754,16,Romance
2201,754,3,Comedy
2202,755,16,Romance
2203,755,8,Mystery
2204,755,6,Drama
2205,756,3,Comedy
2206,756,4,Animation
2207,756,5,Adventure
2208,757,9,Sci-Fi
2209,757,7,Action
2210,757,5,Adventure
2211,758,9,Sci-Fi
2212,758,7,Action
2213,758,5,Adventure
2214,759,19,Sport
2215,759,6,Drama
2216,760,0,Crime
2217,760,2,Thriller
2218,760,7,Action
2219,761,3,Comedy
2220,761,4,Animation
2221,761,5,Adventure
2222,762,16,Romance
2223,762,6,Drama
2224,762,3,Comedy
2225,763,0,Crime
2226,763,6,Drama
2227,763,12,War
2228,763,8,Mystery
2229,763,2,Thriller
2230,764,0,Crime
2231,764,2,Thriller
2232,764,17,Biography
2233,764,6,Drama
2234,765,6,Drama
2235,766,11,Historical
2236,766,10,History
2237,766,17,Biography
2238,766,6,Drama
2239,767,0,Crime
2240,767,7,Action
2241,767,3,Comedy
2242,768,20,Music
2243,768,17,Biography
2244,768,6,Drama
2245,769,20,Music
2246,769,17,Biography
2247,769,6,Drama
2248,770,0,Crime
2249,770,17,Biography
2250,770,6,Drama
2251,771,16,Romance
2252,771,6,Drama
2253,771,3,Comedy
2254,772,16,Romance
2255,772,17,Biography
2256,772,6,Drama
2257,772,3,Comedy
2258,773,0,Crime
2259,773,6,Drama
2260,773,7,Action
2261,774,12,War
2262,774,10,History
2263,774,6,Drama
2264,775,0,Crime
2265,775,6,Drama
2266,775,3,Comedy
2267,776,16,Romance
2268,776,6,Drama
2269,777,0,Crime
2270,777,8,Mystery
2271,777,6,Drama
2272,778,19,Sport
2273,778,7,Action
2274,778,3,Comedy
2275,779,19,Sport
2276,779,16,Romance
2277,779,3,Comedy
2278,780,14,Fantasy
2279,780,7,Action
2280,780,5,Adventure
2281,781,0,Crime
2282,781,10,History
2283,781,6,Drama
2284,782,5,Adventure
2285,782,3,Comedy
2286,783,14,Fantasy
2287,783,7,Action
2288,783,5,Adventure
2289,784,20,Music
2290,784,18,Musical
2291,784,6,Drama
2292,784,3,Comedy
2293,785,0,Crime
2294,785,6,Drama
2295,785,2,Thriller
2296,785,7,Action
2297,786,14,Fantasy
2298,786,9,Sci-Fi
2299,786,6,Drama
2300,787,16,Romance
2301,787,6,Drama
2302,787,3,Comedy
2303,788,11,Historical
2304,788,10,History
2305,788,17,Biography
2306,788,6,Drama
2307,789,14,Fantasy
2308,789,7,Action
2309,789,5,Adventure
2310,790,6,Drama
2311,790,7,Action
2312,790,3,Comedy
2313,791,1,Horror
2314,791,2,Thriller
2315,792,0,Crime
2316,792,7,Action
2317,792,3,Comedy
2318,793,0,Crime
2319,793,6,Drama
2320,793,2,Thriller
2321,793,7,Action
2322,794,14,Fantasy
2323,794,1,Horror
2324,794,8,Mystery
2325,795,1,Horror
2326,795,9,Sci-Fi
2327,795,7,Action
2328,796,16,Romance
2329,796,6,Drama
2330,796,3,Comedy
2331,797,19,Sport
2332,797,6,Drama
2333,798,6,Drama
2334,798,17,Biography
2335,798,7,Action
2336,799,19,Sport
2337,799,6,Drama
2338,800,16,Romance
2339,800,6,Drama
2340,801,11,Historical
2341,801,10,History
2342,801,17,Biography
2343,801,6,Drama
2344,802,17,Biography
2345,802,6,Drama
2346,803,6,Drama
2347,803,3,Comedy
2348,804,8,Mystery
2349,804,1,Horror
2350,804,6,Drama
2351,804,5,Adventure
2352,805,1,Horror
2353,805,9,Sci-Fi
2354,805,2,Thriller
2355,806,14,Fantasy
2356,806,15,Family
2357,806,6,Drama
2358,806,5,Adventure
2359,807,14,Fantasy
2360,807,6,Drama
2361,807,3,Comedy
2362,808,15,Family
2363,808,4,Animation
2364,808,7,Action
2365,808,5,Adventure
2366,809,0,Crime
2367,809,17,Biography
2368,809,6,Drama
2369,810,2,Thriller
2370,810,1,Horror
2371,810,3,Comedy
2372,811,2,Thriller
2373,811,6,Drama
2374,812,4,Animation
2375,812,6,Drama
2376,812,17,Biography
2377,813,8,Mystery
2378,813,1,Horror
2379,813,7,Action
2380,813,2,Thriller
2381,814,16,Romance
2382,814,6,Drama
2383,815,0,Crime
2384,815,6,Drama
2385,816,0,Crime
2386,816,16,Romance
2387,816,2,Thriller
2388,816,6,Drama
2389,817,19,Sport
2390,817,17,Biography
2391,817,6,Drama
2392,818,19,Sport
2393,818,17,Biography
2394,818,6,Drama
2395,819,0,Crime
2396,819,2,Thriller
2397,819,7,Action
2398,820,11,Historical
2399,820,10,History
2400,820,17,Biography
2401,820,6,Drama
2402,821,16,Romance
2403,821,3,Comedy
2404,822,16,Romance
2405,822,6,Drama
2406,822,3,Comedy
2407,823,0,Crime
2408,823,2,Thriller
2409,823,6,Drama
2410,824,6,Drama
2411,825,8,Mystery
2412,825,2,Thriller
2413,825,1,Horror
2414,825,6,Drama
2415,826,0,Crime
2416,826,20,Music
2417,826,6,Drama
2418,827,8,Mystery
2419,827,6,Drama
2420,827,3,Comedy
2421,828,0,Crime
2422,828,2,Thriller
2423,828,6,Drama
2424,829,0,Crime
2425,829,15,Family
2426,829,6,Drama
2427,830,6,Drama
2428,830,3,Comedy
2429,831,14,Fantasy
2430,831,1,Horror
2431,831,6,Drama
2432,832,3,Comedy
2433,832,15,Family
2434,832,5,Adventure
2435,833,14,Fantasy
2436,833,15,Family
2437,833,5,Adventure
2438,834,3,Comedy
2439,834,4,Animation
2440,834,5,Adventure
2441,835,0,Crime
2442,835,16,Romance
2443,835,6,Drama
2444,836,16,Romance
2445,836,6,Drama
2446,837,6,Drama
2447,837,8,Mystery
2448,837,2,Thriller
2449,837,7,Action
2450,838,20,Music
2451,838,18,Musical
2452,838,6,Drama
2453,839,0,Crime
2454,839,6,Drama
2455,840,12,War
2456,840,10,History
2457,840,17,Biography
2458,840,6,Drama
2459,841,0,Crime
2460,841,2,Thriller
2461,841,6,Drama
2462,842,6,Drama
2463,842,3,Comedy
2464,843,0,Crime
2465,843,6,Drama
2466,843,3,Comedy
2467,844,3,Comedy
2468,844,15,Family
2469,844,14,Fantasy
2470,844,5,Adventure
2471,845,6,Drama
2472,846,15,Family
2473,846,4,Animation
2474,846,7,Action
2475,846,5,Adventure
2476,847,16,Romance
2477,847,10,History
2478,847,7,Action
2479,847,6,Drama
2480,848,16,Romance
2481,848,6,Drama
2482,849,14,Fantasy
2483,849,15,Family
2484,849,5,Adventure
2485,850,3,Comedy
2486,851,16,Romance
2487,851,6,Drama
2488,851,3,Comedy
2489,852,0,Crime
2490,852,6,Drama
2491,852,2,Thriller
2492,852,7,Action
2493,853,0,Crime
2494,853,6,Drama
2495,853,7,Action
2496,854,6,Drama
2497,854,3,Comedy
2498,855,0,Crime
2499,855,2,Thriller
2500,855,6,Drama
2501,856,8,Mystery
2502,856,1,Horror
2503,856,2,Thriller
2504,857,3,Comedy
2505,858,15,Family
2506,858,4,Animation
2507,858,6,Drama
2508,858,3,Comedy
2509,859,16,Romance
2510,859,3,Comedy
2511,860,1,Horror
2512,860,6,Drama
2513,860,2,Thriller
2514,861,8,Mystery
2515,861,1,Horror
2516,861,6,Drama
2517,862,1,Horror
2518,862,9,Sci-Fi
2519,862,2,Thriller
2520,863,8,Mystery
2521,863,6,Drama
2522,864,2,Thriller
2523,864,7,Action
2524,864,5,Adventure
2525,865,16,Romance
2526,865,6,Drama
2527,866,16,Romance
2528,866,3,Comedy
2529,867,14,Fantasy
2530,867,15,Family
2531,867,5,Adventure
2532,868,3,Comedy
2533,868,15,Family
2534,868,7,Action
2535,868,5,Adventure
2536,869,0,Crime
2537,869,2,Thriller
2538,869,3,Comedy
2539,870,10,History
2540,870,2,Thriller
2541,870,11,Historical
2542,870,6,Drama
2543,871,2,Thriller
2544,871,6,Drama
2545,871,5,Adventure
2546,872,6,Drama
2547,872,3,Comedy
2548,873,3,Comedy
2549,873,6,Drama
2550,873,5,Adventure
2551,874,0,Crime
2552,874,8,Mystery
2553,874,2,Thriller
2554,874,6,Drama
2555,875,0,Crime
2556,875,17,Biography
2557,875,6,Drama
2558,876,3,Comedy
2559,876,15,Family
2560,876,4,Animation
2561,876,5,Adventure
2562,877,19,Sport
2563,877,17,Biography
2564,877,6,Drama
2565,878,0,Crime
2566,878,2,Thriller
2567,878,6,Drama
2568,879,6,Drama
2569,880,16,Romance
2570,880,6,Drama
2571,880,3,Comedy
2572,881,16,Romance
2573,881,6,Drama
2574,881,3,Comedy
2575,882,16,Romance
2576,882,6,Drama
2577,883,9,Sci-Fi
2578,883,7,Action
2579,883,5,Adventure
2580,884,16,Romance
2581,884,6,Drama
2582,884,3,Comedy
2583,885,0,Crime
2584,885,6,Drama
2585,885,7,Action
2586,885,5,Adventure
2587,886,3,Comedy
2588,887,16,Romance
2589,887,3,Comedy
2590,888,15,Family
2591,888,17,Biography
2592,888,6,Drama
2593,889,6,Drama
2594,889,3,Comedy
2595,890,0,Crime
2596,890,6,Drama
2597,890,5,Adventure
2598,891,14,Fantasy
2599,891,1,Horror
2600,891,7,Action
2601,891,5,Adventure
2602,892,3,Comedy
2603,893,18,Musical
2604,893,16,Romance
2605,893,6,Drama
2606,894,1,Horror
2607,894,3,Comedy
2608,895,1,Horror
2609,895,7,Action
2610,895,2,Thriller
2611,896,6,Drama
2612,896,3,Comedy
2613,897,16,Romance
2614,897,15,Family
2615,897,3,Comedy
2616,898,20,Music
2617,898,6,Drama
2618,898,3,Comedy
2619,899,16,Romance
2620,899,6,Drama
2621,900,2,Thriller
2622,900,1,Horror
2623,900,3,Comedy
2624,901,16,Romance
2625,901,3,Comedy
2626,902,1,Horror
2627,902,9,Sci-Fi
2628,902,3,Comedy
2629,903,10,History
2630,903,2,Thriller
2631,903,6,Drama
2632,904,16,Romance
2633,904,8,Mystery
2634,904,6,Drama
2635,905,2,Thriller
2636,905,9,Sci-Fi
2637,905,5,Adventure
2638,906,0,Crime
2639,906,18,Musical
2640,906,1,Horror
2641,906,6,Drama
2642,907,15,Family
2643,907,9,Sci-Fi
2644,907,6,Drama
2645,907,5,Adventure
2646,908,0,Crime
2647,908,16,Romance
2648,908,2,Thriller
2649,908,6,Drama
2650,909,20,Music
2651,909,6,Drama
2652,909,3,Comedy
2653,910,15,Family
2654,910,6,Drama
2655,910,10,History
2656,910,17,Biography
2657,910,19,Sport
2658,911,3,Comedy
2659,911,5,Adventure
2660,912,16,Romance
2661,912,6,Drama
2662,913,3,Comedy
2663,913,4,Animation
2664,913,5,Adventure
2665,914,11,Historical
2666,914,10,History
2667,914,17,Biography
2668,914,6,Drama
2669,915,16,Romance
2670,915,8,Mystery
2671,915,6,Drama
2672,916,0,Crime
2673,916,8,Mystery
2674,916,1,Horror
2675,917,8,Mystery
2676,917,2,Thriller
2677,917,6,Drama
2678,918,16,Romance
2679,918,6,Drama
2680,919,16,Romance
2681,919,6,Drama
2682,919,3,Comedy
2683,920,14,Fantasy
2684,920,7,Action
2685,920,5,Adventure
2686,921,3,Comedy
2687,921,4,Animation
2688,921,5,Adventure
2689,922,2,Thriller
2690,922,1,Horror
2691,922,7,Action
2692,922,5,Adventure
2693,923,0,Crime
2694,923,13,Western
2695,923,6,Drama
2696,924,14,Fantasy
2697,924,9,Sci-Fi
2698,924,5,Adventure
2699,925,11,Historical
2700,925,10,History
2701,925,17,Biography
2702,925,6,Drama
2703,926,18,Musical
2704,926,3,Comedy
2705,927,0,Crime
2706,927,2,Thriller
2707,927,6,Drama
2708,928,6,Drama
2709,928,7,Action
2710,928,5,Adventure
2711,929,9,Sci-Fi
2712,929,7,Action
2713,929,5,Adventure
2714,930,0,Crime
2715,930,19,Sport
2716,930,3,Comedy
2717,931,17,Biography
2718,931,6,Drama
2719,932,16,Romance
2720,932,14,Fantasy
2721,932,3,Comedy
2722,933,0,Crime
2723,933,14,Fantasy
2724,933,6,Drama
2725,934,16,Romance
2726,934,6,Drama
2727,935,6,Drama
2728,936,1,Horror
2729,937,7,Action
2730,937,3,Comedy
2731,938,17,Biography
2732,938,6,Drama
2733,938,5,Adventure
2734,939,16,Romance
2735,939,6,Drama
2736,939,3,Comedy
2737,940,19,Sport
2738,940,6,Drama
2739,941,14,Fantasy
2740,941,9,Sci-Fi
2741,941,7,Action
2742,941,5,Adventure
2743,942,0,Crime
2744,942,2,Thriller
2745,942,6,Drama
2746,943,16,Romance
2747,943,6,Drama
2748,943,3,Comedy
2749,944,9,Sci-Fi
2750,944,7,Action
2751,944,5,Adventure
2752,945,0,Crime
2753,945,7,Action
2754,945,5,Adventure
2755,946,19,Sport
2756,946,17,Biography
2757,946,6,Drama
2758,946,5,Adventure
2759,947,8,Mystery
2760,947,2,Thriller
2761,947,6,Drama
2762,948,2,Thriller
2763,948,6,Drama
2764,949,16,Romance
2765,949,6,Drama
2766,949,3,Comedy
2767,950,16,Romance
2768,950,14,Fantasy
2769,950,3,Comedy
2770,951,16,Romance
2771,951,6,Drama
2772,952,3,Comedy
2773,952,9,Sci-Fi
2774,952,5,Adventure
2775,953,16,Romance
2776,953,3,Comedy
2777,954,14,Fantasy
2778,954,2,Thriller
2779,954,6,Drama
2780,955,3,Comedy
2781,955,4,Animation
2782,955,5,Adventure
2783,956,20,Music
2784,956,17,Biography
2785,956,6,Drama
2786,957,16,Romance
2787,957,7,Action
2788,957,3,Comedy
2789,957,22,Documentary
2790,957,5,Adventure
2791,958,14,Fantasy
2792,958,9,Sci-Fi
2793,958,7,Action
2794,958,5,Adventure
2795,959,3,Comedy
2796,960,16,Romance
2797,960,9,Sci-Fi
2798,960,6,Drama
2799,961,14,Fantasy
2800,961,1,Horror
2801,961,7,Action
2802,961,3,Comedy
2803,962,20,Music
2804,962,17,Biography
2805,962,6,Drama
2806,963,0,Crime
2807,963,7,Action
2808,963,3,Comedy
2809,964,15,Family
2810,964,4,Animation
2811,964,5,Adventure
2812,965,2,Thriller
2813,965,9,Sci-Fi
2814,965,6,Drama
2815,966,20,Music
2816,966,17,Biography
2817,966,6,Drama
2818,967,8,Mystery
2819,967,2,Thriller
2820,967,6,Drama
2821,968,8,Mystery
2822,968,1,Horror
2823,968,2,Thriller
2824,969,16,Romance
2825,969,6,Drama
2826,970,0,Crime
2827,970,2,Thriller
2828,970,6,Drama
2829,971,10,History
2830,971,17,Biography
2831,971,6,Drama
2832,972,16,Romance
2833,972,14,Fantasy
2834,972,3,Comedy
2835,973,15,Family
2836,973,7,Action
2837,973,5,Adventure
2838,974,0,Crime
2839,974,6,Drama
2840,974,9,Sci-Fi
2841,974,7,Action
2842,975,8,Mystery
2843,975,2,Thriller
2844,975,6,Drama
2845,976,6,Drama
2846,976,12,War
2847,976,7,Action
2848,977,6,Drama
2849,977,3,Comedy
2850,978,16,Romance
2851,978,6,Drama
2852,979,3,Comedy
2853,979,15,Family
2854,979,4,Animation
2855,979,5,Adventure
2856,980,3,Comedy
2857,980,4,Animation
2858,980,5,Adventure
2859,981,0,Crime
2860,981,8,Mystery
2861,981,3,Comedy
2862,982,0,Crime
2863,982,6,Drama
2864,983,6,Drama
2865,984,16,Romance
2866,984,6,Drama
2867,984,3,Comedy
2868,985,16,Romance
2869,985,4,Animation
2870,985,23,Anime
2871,985,6,Drama
2872,986,16,Romance
2873,986,6,Drama
2874,987,18,Musical
2875,987,16,Romance
2876,987,15,Family
2877,987,6,Drama
2878,988,1,Horror
2879,988,9,Sci-Fi
2880,988,7,Action
2881,989,8,Mystery
2882,989,2,Thriller
2883,989,9,Sci-Fi
2884,989,6,Drama
2885,990,6,Drama
2886,990,2,Thriller
2887,990,7,Action
2888,991,16,Romance
2889,991,6,Drama
2890,992,3,Comedy
2891,993,0,Crime
2892,993,2,Thriller
2893,993,3,Comedy
2894,994,6,Drama
2895,994,19,Sport
2896,994,7,Action
2897,995,6,Drama
2898,996,0,Crime
2899,996,6,Drama
2900,996,5,Adventure
2901,997,0,Crime
2902,997,6,Drama
2903,997,3,Comedy
2904,998,8,Mystery
2905,998,1,Horror
2906,998,2,Thriller
2907,999,13,Western
2908,999,7,Action
2909,999,5,Adventure
2910,1000,0,Crime
2911,1000,6,Drama
2912,1000,7,Action
2913,1001,0,Crime
2914,1001,2,Thriller
2915,1001,7,Action
2916,1001,6,Drama
2917,1002,16,Romance
2918,1002,6,Drama
2919,1003,20,Music
2920,1003,6,Drama
2921,1003,3,Comedy
2922,1004,16,Romance
2923,1004,6,Drama
2924,1005,4,Animation
2925,1005,23,Anime
2926,1005,6,Drama
2927,1005,9,Sci-Fi
2928,1005,7,Action
2929,1006,0,Crime
2930,1006,8,Mystery
2931,1006,6,Drama
2932,1007,8,Mystery
2933,1007,9,Sci-Fi
2934,1007,7,Action
2935,1007,5,Adventure
2936,1008,16,Romance
2937,1008,17,Biography
2938,1008,6,Drama
2939,1009,6,Drama
2940,1010,20,Music
2941,1010,17,Biography
2942,1010,6,Drama
2943,1011,6,Drama
2944,1012,12,War
2945,1012,7,Action
2946,1012,17,Biography
2947,1012,6,Drama
2948,1013,1,Horror
2949,1013,2,Thriller
2950,1014,0,Crime
2951,1014,6,Drama
2952,1015,6,Drama
2953,1015,3,Comedy
2954,1016,0,Crime
2955,1016,7,Action
2956,1016,3,Comedy
2957,1017,6,Drama
2958,1017,3,Comedy
2959,1018,0,Crime
2960,1018,2,Thriller
2961,1018,6,Drama
2962,1019,6,Drama
2963,1020,0,Crime
2964,1020,17,Biography
2965,1020,6,Drama
