,Unnamed: 0,_id,ltable_id,rtable_id,ltable_Title,rtable_Title,label,ltable_Overall Rating,ltable_Year,ltable_Genre,ltable_Directors,ltable_Actors,rtable_Overall Rating,rtable_Year,rtable_Genre,rtable_Directors,rtable_Actors
476,1007330,1007330,3001,3298,"Aviator, The (2004)",The Aviator,1,2.95/4,2004,Drama/Biography,Martin Scorsese,"Leonardo DiCaprio, Cate Blanchett, Kate Beckinsale",7.5,2004,"Biography, Drama, History",Martin Scorsese,"Leonardo DiCaprio,Cate Blanchett,Kate Beckinsale,John C. Reilly"
162,350997,350997,1110,1147,Evil Dead (2013),Evil Dead,1,2.50/4,2013,Horror/Fantasy,Fede Alvarez,"Jane Levy, Shiloh Fernandez, Jessica Lucas",6.5,2013,"Fantasy, Horror, Thriller",Fede Alvarez,"Jane Levy,Shiloh Fernandez,Jessica Lucas,Lou Taylor Pucci"
34,63043,63043,39,202,"Square, The (2017)",The Square,1,3.20/4,2017,Comedy/Drama,Ruben stlund,"Claes Bang, Elisabeth Moss, Dominic West",7.4,2017,"Comedy, Drama",Ruben stlund,"Claes Bang,Elisabeth Moss,Dominic West,Terry Notary"
44,85897,85897,243,280,It (2017),It,1,3.04/4,2017,Horror/Thriller,Andrթs Muschietti,"Bill Skarsgard, Jaeden Lieberher, Finn Wolfhard",7.5,2017,"Drama, Horror, Thriller",Andy Muschietti,"Bill SkarsgՂrd,Jaeden Lieberher,Finn Wolfhard,Sophia Lillis"
97,168032,168032,847,543,"Men, Women & Children","Men, Women & Children",1,2.75/4,2014,Comedy/Drama,Jason Reitman,"Ansel Elgort, Adam Sandler, Jennifer Garner",6.7,2014,"Comedy, Drama",Jason Reitman,"Kaitlyn Dever,Rosemarie DeWitt,Ansel Elgort,Jennifer Garner"
85,144643,144643,357,465,Ouija: Origin of Evil,Ouija: Origin of Evil,1,2.76/4,2016,Horror/Thriller,Mike Flanagan,"Elizabeth Reaser, Annalise Basso, Lulu Wilson",6.1,2016,"Horror, Thriller",Mike Flanagan,"Elizabeth Reaser,Lulu Wilson,Annalise Basso,Henry Thomas"
61,109757,109757,271,351,Loving (2016),Loving,1,3.06/4,2016,Biography/Drama,Jeff Nichols,"Ruth Negga, Joel Edgerton, Michael Shannon",7.0,2016,"Biography, Drama, Romance",Jeff Nichols,"Ruth Negga,Joel Edgerton,Will Dalton,Dean Mumford"
199,443092,443092,1714,1450,Predators (2010),Predators,1,2.62/4,2010,Action/Horror,Nimr_d Antal,"Topher Grace, Adrien Brody, Danny Trejo",6.4,2010,"Action, Adventure, Sci-Fi",Nimr_d Antal,"Adrien Brody,Laurence Fishburne,Topher Grace,Alice Braga"
268,567123,567123,2094,1862,"Warlords, The ( Tau ming chong )",The Haunting in Connecticut,0,2.54/4,2009,Drama/Historical,"Peter Chan, Wai Man Yip","Jet Li, Andy Lau, Takeshi Kaneshiro",5.9,2009,"Drama, Horror, Mystery",Peter Cornwell,"Virginia Madsen,Martin Donovan,Elias Koteas,Kyle Gallner"
218,469716,469716,1849,1533,"Wolfman, The (2010)",The A-Team,0,2.40/4,2010,Horror/Thriller,Joe Johnston,"Emily Blunt, Benicio Del Toro, Anthony Hopkins",6.8,2010,"Action, Adventure, Comedy",Joe Carnahan,"Liam Neeson,Bradley Cooper,Sharlto Copley,Jessica Biel"
73,124450,124450,141,398,Darkest Hour (2017),Darkest Hour,1,2.98/4,2017,Drama/War,Joe Wright,"Gary Oldman, Stephen Dillane, Kristin Scott Thomas",7.4,2017,"Biography, Drama, History",Joe Wright,"Gary Oldman,Lily James,Kristin Scott Thomas,Ben Mendelsohn"
35,65473,65473,563,209,Southpaw (2015),Southpaw,1,2.61/4,2015,Drama,Antoine Fuqua,"Jake Gyllenhaal, Rachel McAdams, Rita Ora",7.4,2015,"Drama, Sport",Antoine Fuqua,"Jake Gyllenhaal,Rachel McAdams,Oona Laurence,Forest Whitaker"
303,648232,648232,1545,2110,The Hangover Part II,The Hangover Part II,1,2.43/4,2011,Comedy,Todd Phillips,"Bradley Cooper, Zach Galifianakis, Ed Helms",6.5,2011,"Comedy, Mystery",Todd Phillips,"Bradley Cooper,Zach Galifianakis,Ed Helms,Justin Bartha"
29,54223,54223,436,178,"Girl on the Train, The (2016)",The Girl on the Train,1,2.44/4,2016,Mystery/Thriller,Tate Taylor,"Emily Blunt, Haley Bennett, Rebecca Ferguson",6.5,2016,"Crime, Drama, Mystery",Tate Taylor,"Emily Blunt,Haley Bennett,Rebecca Ferguson,Justin Theroux"
361,767165,767165,2439,2537,The Boys & Girls Guide to Getting Down,In the Valley of Elah,0,2.92/4,2007,Comedy,Paul Sapiano,"Cricket Leigh, Kat Turner, Steve Monroe",7.2,2007,"Crime, Drama, Mystery",Paul Haggis,"Tommy Lee Jones,Charlize Theron,Jonathan Tucker,Jason Patric"
392,821982,821982,2286,2722,Midnight Meat Train,The Midnight Meat Train,1,2.47/4,2008,Action/Horror,Ryuhei Kitamura,"Brooke Shields, Bradley Cooper, Vinnie Jones",6.1,2008,"Horror, Mystery, Thriller",Ryhei Kitamura,"Vinnie Jones,Bradley Cooper,Leslie Bibb,Brooke Shields"
443,933760,933760,3021,3067,2046,2046,1,2.96/4,2004,Drama/Fantasy,Kar Wai Wong,"Tony Leung Chiu Wai, Li Gong, Faye Wong",7.5,2004,"Drama, Romance, Sci-Fi",Kar-Wai Wong,"Tony Chiu-Wai Leung,Ziyi Zhang,Faye Wong,Li Gong"
217,469168,469168,1719,1533,The A-Team,The A-Team,1,2.58/4,2010,Action/Comedy,Joe Carnahan,"Bradley Cooper, Liam Neeson, Sharlto Copley",6.8,2010,"Action, Adventure, Comedy",Joe Carnahan,"Liam Neeson,Bradley Cooper,Sharlto Copley,Jessica Biel"
27,52999,52999,55,167,"Ghost Story, A (2017)",A Ghost Story,1,3.20/4,2017,Drama/Fantasy,David Lowery,"Casey Affleck, Rooney Mara, Kesha",6.9,2017,"Drama, Fantasy, Romance",David Lowery,"Casey Affleck,Rooney Mara,McColm Cephas Jr.,Kenneisha Thompson"
399,830522,830522,2790,2749,"Proposition, The (2005)",The Jacket,0,2.85/4,2005,Western,John Hillcoat,"Guy Pearce, Noah Taylor, Ray Winstone",7.1,2005,"Drama, Fantasy, Horror",John Maybury,"Adrien Brody,Keira Knightley,Daniel Craig,Kris Kristofferson"
380,799474,799474,2489,2633,King of California,Love in the Time of Cholera,0,2.57/4,2007,Comedy,Mike Cahill,"Michael Douglas, Evan Rachel Wood, Willis Burks II",6.4,2007,"Drama, Romance",Mike Newell,"Javier Bardem,Giovanna Mezzogiorno,Benjamin Bratt,Gina Bernard Forbes"
156,334875,334875,1135,1104,The Frozen Ground,The Counsellor,0,2.47/4,2013,Thriller,Scott Walker,"Nicolas Cage, John Cusack, Vanessa Hudgens",5.3,2013,"Crime, Drama, Thriller",Ridley Scott,"Michael Fassbender,Penթlope Cruz,Cameron Diaz,Javier Bardem"
429,900391,900391,3129,2958,Saved!,Saved!,1,2.54/4,2004,Comedy/Drama,Brian Dannelly,"Jena Malone, Mandy Moore, Macaulay Culkin",6.8,2004,"Comedy, Drama",Brian Dannelly,"Jena Malone,Mandy Moore,Macaulay Culkin,Patrick Fugit"
345,731607,731607,2229,2432,Traitor (2008),Traitor,1,2.61/4,2008,Drama/Crime,Jeffrey Nachmanoff,"Don Cheadle, Jeff Daniels, Guy Pearce",7.0,2008,"Action, Crime, Drama",Jeffrey Nachmanoff,"Don Cheadle,Guy Pearce,Archie Panjabi,Sad Taghmaoui"
138,286147,286147,758,928,Kill the Messenger,The Best of Me,0,2.89/4,2014,Biography/Crime,Michael Cuesta,"Jeremy Renner, Mary Elizabeth Winstead, Paz Vega",6.7,2014,"Drama, Romance",Michael Hoffman,"James Marsden,Michelle Monaghan,Luke Bracey,Liana Liberato"
212,466855,466855,1834,1523,Star Trek,Star Trek,1,3.15/4,2009,Sci-Fi/Adventure,J.J. Abrams,"Chris Pine, Zachary Quinto, Eric Bana",8.0,2009,"Action, Adventure, Sci-Fi",J.J. Abrams,"Chris Pine,Zachary Quinto,Simon Pegg,Leonard Nimoy"
104,207793,207793,1022,677,Young & Beautiful ( Jeune & jolie ),Young & Beautiful,1,2.93/4,2013,Drama,Fran_ois Ozon,"Marine Vacth, Gթraldine Pailhas, Frթdթric Pierrot",6.8,2013,"Drama, Romance",Fran_ois Ozon,"Marine Vacth,Gթraldine Pailhas,Frթdթric Pierrot,Fantin Ravat"
350,743760,743760,2313,2464,In the Shadow of the Moon,The Simpsons Movie,0,3.04/4,2007,Documentary,David Sington,"Buzz Aldrin, Jim Lovell, Michael Collins",7.4,2007,"Animation, Adventure, Comedy",David Silverman,"Dan Castellaneta,Julie Kavner,Nancy Cartwright,Yeardley Smith"
346,731697,731697,2235,2434,Ghost Town (2008),Ghost Town,1,2.55/4,2008,Comedy/Fantasy,David Koepp,"Ricky Gervais, Tթa Leoni, Greg Kinnear",6.7,2008,"Comedy, Drama, Fantasy",David Koepp,"Ricky Gervais,Greg Kinnear,Tթa Leoni,Jordan Carlos"
351,745686,745686,2313,2469,In the Shadow of the Moon,The Invisible,0,3.04/4,2007,Documentary,David Sington,"Buzz Aldrin, Jim Lovell, Michael Collins",6.3,2007,"Crime, Drama, Fantasy",David S. Goyer,"Justin Chatwin,Margarita Levieva,Marcia Gay Harden,Chris Marquette"
215,467472,467472,1986,1526,The Lovely Bones,The Lovely Bones,1,2.51/4,2009,Drama/Thriller,Peter Jackson,"Saoirse Ronan, Rachel Weisz, Susan Sarandon",6.7,2009,"Drama, Fantasy, Thriller",Peter Jackson,"Rachel Weisz,Mark Wahlberg,Saoirse Ronan,Susan Sarandon"
385,813724,813724,2727,2680,Silent Hill,Silent Hill,1,2.49/4,2006,Horror/Drama,Cristophe Gans,"Radha Mitchell, Sean Bean, Jodelle Ferland",6.6,2006,"Adventure, Horror, Mystery",Christophe Gans,"Radha Mitchell,Laurie Holden,Sean Bean,Deborah Kara Unger"
189,420412,420412,1414,1374,Sherlock Holmes: A Game of Shadows,Sherlock Holmes: A Game of Shadows,1,2.94/4,2011,Action/Mystery,Guy Ritchie,"Robert Downey Jr., Jude Law, Jared Harris",7.5,2011,"Action, Adventure, Crime",Guy Ritchie,"Robert Downey Jr.,Jude Law,Jared Harris,Rachel McAdams"
214,467463,467463,1965,1526,Arn: The Knight Templar ( Arn - Tempelriddaren ),The Lovely Bones,0,2.72/4,2009,Action/Drama,Peter Flinth,"Joakim N_tterqvist, Sofia Helin, Stellan SkarsgՂrd",6.7,2009,"Drama, Fantasy, Thriller",Peter Jackson,"Rachel Weisz,Mark Wahlberg,Saoirse Ronan,Susan Sarandon"
204,455236,455236,985,1481,Lee Daniels' The Butler,The Best Man Holiday,0,2.86/4,2013,Biography/Drama,Lee Daniels,"Forest Whitaker, Oprah Winfrey, David Oyelowo",6.7,2013,"Comedy, Drama",Malcolm D. Lee,"Monica Calhoun,Morris Chestnut,Melissa De Sousa,Taye Diggs"
234,505431,505431,1835,1659,The Hangover,The Hangover,1,3.01/4,2009,Comedy,Todd Phillips,"Bradley Cooper, Ed Helms, Zach Galifianakis",7.7,2009,Comedy,Todd Phillips,"Zach Galifianakis,Bradley Cooper,Justin Bartha,Ed Helms"
259,540960,540960,1844,1782,(500) Days of Summer,500 Days of Summer,1,2.99/4,2009,Comedy/Romance,Marc Webb,"Zooey Deschanel, Joseph Gordon-Levitt, Sid Wilner",7.7,2009,"Comedy, Drama, Romance",Marc Webb,"Zooey Deschanel,Joseph Gordon-Levitt,Geoffrey Arend,Chlo Grace Moretz"
67,114798,114798,348,366,Jackie (2016),Jackie,1,2.70/4,2016,Comedy/Drama,Pablo Larra_n,"Natalie Portman, Peter Sarsgaard, Greta Gerwig",6.7,2016,"Biography, Drama, History",Pablo Larra_n,"Natalie Portman,Peter Sarsgaard,Greta Gerwig,Billy Crudup"
24,44212,44212,443,141,Star Wars: The Force Awakens,Star Wars: The Force Awakens,1,3.16/4,2015,Sci-Fi/Fantasy,J.J. Abrams,"John Boyega, Daisy Ridley, Adam Driver",8.0,2015,"Action, Adventure, Fantasy",J.J. Abrams,"Daisy Ridley,John Boyega,Oscar Isaac,Domhnall Gleeson"
216,469068,469068,1594,1532,How to Train Your Dragon,How to Train Your Dragon,1,3.21/4,2010,Animation,"Dean DeBlois, Chris Sanders","Gerard Butler, Jonah Hill, Christopher Mintz-Plasse",8.1,2010,"Animation, Action, Adventure","Dean DeBlois,Chris Sanders","Jay Baruchel,Gerard Butler,Christopher Mintz-Plasse,Craig Ferguson"
223,477410,477410,1455,1558,Water for Elephants,Water for Elephants,1,2.73/4,2011,Drama,Francis Lawrence,"Robert Pattinson, Reese Witherspoon, Christoph Waltz",6.9,2011,"Drama, Romance",Francis Lawrence,"Robert Pattinson,Reese Witherspoon,Christoph Waltz,Paul Schneider"
129,277878,277878,799,896,Get on Up,Get on Up,1,2.77/4,2014,Biography/Drama,Tate Taylor,"Chadwick Boseman, Nelsan Ellis, Viola Davis",6.9,2014,"Biography, Drama, Music",Tate Taylor,"Chadwick Boseman,Nelsan Ellis,Dan Aykroyd,Viola Davis"
111,219972,219972,947,722,Iron Man 3,Iron Man 3,1,2.92/4,2013,Action/Sci-Fi,Shane Black,"Robert Downey Jr., Don Cheadle, Gwyneth Paltrow",7.2,2013,"Action, Adventure, Sci-Fi",Shane Black,"Robert Downey Jr.,Guy Pearce,Gwyneth Paltrow,Don Cheadle"
166,365153,365153,1172,1197,"Vow, The (2012)",The Vow,1,2.83/4,2012,Drama/Romance,Michael Sucsy,"Rachel McAdams, Channing Tatum, Sam Neill",6.8,2012,"Drama, Romance",Michael Sucsy,"Rachel McAdams,Channing Tatum,Sam Neill,Jessica Lange"
417,867781,867781,2803,2860,"The Chronicles of Narnia: The Lion, the Witch and the Wardrobe",The Amityville Horror,0,2.81/4,2005,Adventure/Fantasy,Andrew Adamson,"Georgie Henley, Skandar Keynes, William Moseley",6.0,2005,"Drama, Horror, Mystery",Andrew Douglas,"Ryan Reynolds,Melissa George,Jimmy Bennett,Jesse James"
394,823472,823472,2917,2731,The Transporter 2,Transporter 2,1,2.44/4,2005,Action/Crime,Louis Leterrier,"Jason Statham, Alessandro Gassman, Amber Valletta",6.3,2005,"Action, Crime, Thriller",Louis Leterrier,"Jason Statham,Amber Valletta,Kate Nauta,Alessandro Gassman"
40,78602,78602,474,241,The Hateful Eight,The Hateful Eight,1,3.01/4,2015,Western,Quentin Tarantino,"Samuel L. Jackson, Walton Goggins, Jennifer Jason Leigh",7.8,2015,"Crime, Drama, Mystery",Quentin Tarantino,"Samuel L. Jackson,Kurt Russell,Jennifer Jason Leigh,Walton Goggins"
274,584159,584159,1932,1915,Fast & Furious (2009),Fast & Furious,1,2.66/4,2009,Action,Justin Lin,"Vin Diesel, Paul Walker, Michelle Rodriguez",6.6,2009,"Action, Crime, Thriller",Justin Lin,"Vin Diesel,Paul Walker,Michelle Rodriguez,Jordana Brewster"
357,762350,762350,2738,2522,Happy Feet,Happy Feet,1,2.47/4,2006,Animation/Adventure,"George Miller, Warren Coleman, Judy Morris","Elijah Wood, Brittany Murphy, Robin Williams",6.5,2006,"Animation, Adventure, Comedy","George Miller,Warren Coleman,Judy Morris","Elijah Wood,Brittany Murphy,Hugh Jackman,Robin Williams"
79,134770,134770,805,422,Dracula Untold,Dracula Untold,1,2.68/4,2014,Action/Fantasy,Gary Shore,"Luke Evans, Zach McGowan, Dominic Cooper",6.3,2014,"Action, Drama, Fantasy",Gary Shore,"Luke Evans,Dominic Cooper,Sarah Gadon,Art Parkinson"
313,670746,670746,1670,2202,Salt (2010),Salt,1,2.69/4,2010,Thriller,Phillip Noyce,"Angelina Jolie, Liev Schreiber, Chiwetel Ejiofor",6.4,2010,"Action, Crime, Mystery",Phillip Noyce,"Angelina Jolie,Liev Schreiber,Chiwetel Ejiofor,Daniel Olbrychski"
315,678679,678679,1876,2227,An Education,An Education,1,2.85/4,2009,Drama,Lone Scherfig,"Peter Sarsgaard, Carey Mulligan, Alfred Molina",7.3,2009,Drama,Lone Scherfig,"Carey Mulligan,Peter Sarsgaard,Alfred Molina,Olivia Williams"
13,25447,25447,30,71,The Lost City of Z,The Fate of the Furious,0,2.96/4,2017,Action/Biography,James Gray,"Charlie Hunnam, Tom Holland, Robert Pattinson",6.7,2017,"Action, Crime, Thriller",F. Gary Gray,"Vin Diesel,Jason Statham,Dwayne Johnson,Michelle Rodriguez"
287,609604,609604,1930,1985,"Pirate Radio ( Boat That Rocked, The )",The Box,0,2.75/4,2009,Comedy/Drama,Richard Curtis,"Philip Seymour Hoffman, Bill Nighy, Emma Thompson",5.6,2009,"Drama, Fantasy, Mystery",Richard Kelly,"Cameron Diaz,James Marsden,Frank Langella,James Rebhorn"
409,853431,853431,3058,2826,The Passion of the Christ,The Passion of the Christ,1,2.73/4,2004,Drama,Mel Gibson,"James Caviezel, Monica Bellucci, Maia Morgenstern",7.2,2004,Drama,Mel Gibson,"Jim Caviezel,Monica Bellucci,Maia Morgenstern,Christo Jivkov"
494,1057702,1057702,2987,3458,The Great Raid,The Dark,0,2.46/4,2005,Drama/War,John Dahl,"Benjamin Bratt, James Franco, Joseph Fiennes",5.4,2005,"Horror, Mystery, Thriller",John Fawcett,"Sean Bean,Maria Bello,Sophie Stuckey,Abigail Stone"
228,481222,481222,1280,1581,The Pirates! Band of Misfits,The Odd Life of Timothy Green,0,2.60/4,2012,Animation/Adventure,"Peter Lord, Jeff Newitt","Martin Freeman, David Tennant, Salma Hayek",6.6,2012,"Comedy, Drama, Family",Peter Hedges,"Jennifer Garner,Joel Edgerton,CJ Adams,Odeya Rush"
161,349212,349212,683,1140,The Duke of Burgundy,Hector and the Search for Happiness,0,3.33/4,2014,Drama,Peter Strickland,"Sidse Babett Knudsen, Monica Swinn, Chiara D'Anna",7.0,2014,"Adventure, Comedy, Drama",Peter Chelsom,"Simon Pegg,Rosamund Pike,Tracy Ann Oberman,Jean Reno"
83,142899,142899,817,457,The Amazing Spider-Man 2,The Amazing Spider-Man 2,1,2.59/4,2014,Action/Fantasy,Marc Webb,"Andrew Garfield, Emma Stone, Jamie Foxx",6.7,2014,"Action, Adventure, Sci-Fi",Marc Webb,"Andrew Garfield,Emma Stone,Jamie Foxx,Paul Giamatti"
497,1061762,1061762,3180,3488,Main Hoon Na,Main Hoon Na,1,2.68/4,2004,Action/Comedy,Farah Khan,"Shahrukh Khan, Sushmita Sen, Sunil Shetty",7.0,2004,"Action, Comedy, Crime",Farah Khan,"Shah Rukh Khan,Sushmita Sen,Sunil Shetty,Zayed Khan"
473,999922,999922,3023,3277,"Swades ( Swades: We, the People )",Swades,1,3.09/4,2004,Drama,Ashutosh Gowariker,"Shah Rukh Khan, Gayatri Joshi, Kishori Balal",8.3,2004,Drama,Ashutosh Gowariker,"Shah Rukh Khan,Gayatri Joshi,Kishori Ballal,Smit Sheth"
110,217849,217849,779,714,Lost Soul: The Doomed Journey of Richard Stanley's Island of Dr. Moreau,Twin Peaks: The Missing Pieces,0,3.17/4,2014,Documentary,David Gregory,"Richard Stanley, Kier-La Janisse, Michael Gingold",7.9,2014,"Drama, Horror, Mystery",David Lynch,"Chris Isaak,Kiefer Sutherland,C.H. Evans,Sandra Kinder"
149,325933,325933,956,1070,Star Trek Into Darkness,Star Trek: Into Darkness,1,3.04/4,2013,Sci-Fi/Adventure,J.J. Abrams,"Chris Pine, Zachary Quinto, Benedict Cumberbatch",7.8,2013,"Action, Adventure, Sci-Fi",J.J. Abrams,"Chris Pine,Zachary Quinto,Zoe Saldana,Benedict Cumberbatch"
152,328910,328910,1093,1079,Oz the Great and Powerful,Oz the Great and Powerful,1,2.50/4,2013,Fantasy,Sam Raimi,"Mila Kunis, James Franco, Michelle Williams",6.3,2013,"Adventure, Comedy, Drama",Sam Raimi,"James Franco,Michelle Williams,Rachel Weisz,Mila Kunis"
16,30494,30494,392,82,"Hail, Caesar! (2016)","Hail, Caesar!",1,2.67/4,2016,Comedy,"Ethan Coen, Joel Coen","Josh Brolin, George Clooney, Alden Ehrenreich",6.3,2016,"Comedy, Mystery","Ethan Coen,Joel Coen","Josh Brolin,George Clooney,Alden Ehrenreich,Ralph Fiennes"
339,721839,721839,2501,2402,Blades of Glory,Blades of Glory,1,2.41/4,2007,Comedy/Adventure,Josh Cordon,"Will Ferrell, Jon Heder, Will Arnett",6.3,2007,"Comedy, Sport","Josh Gordon,Will Speck","Will Ferrell,Jon Heder,Amy Poehler,Will Arnett"
109,216735,216735,726,708,The One I Love,The One I Love,1,3.03/4,2014,Comedy/Drama,Charlie McDowell,"Mark Duplass, Elisabeth Moss, Ted Danson",7.1,2014,"Drama, Fantasy, Romance",Charlie McDowell,"Mark Duplass,Elisabeth Moss,Ted Danson,Kiana Cason"
352,745704,745704,2365,2469,The Simpsons Movie,The Invisible,0,2.74/4,2007,Animation/Comedy,David Silverman,"Nancy Cartwright, Dan Castellaneta, Hank Azaria",6.3,2007,"Crime, Drama, Fantasy",David S. Goyer,"Justin Chatwin,Margarita Levieva,Marcia Gay Harden,Chris Marquette"
139,289079,289079,600,940,Maggie (2015),Maggie,1,2.46/4,2015,Drama/Horror,Henry Hobson,"Abigail Breslin, Arnold Schwarzenegger, Joely Richardson",5.6,2015,"Drama, Horror",Henry Hobson,"Arnold Schwarzenegger,Abigail Breslin,Joely Richardson,Laura Cayouette"
237,510366,510366,1644,1667,Blue Valentine,Blue Valentine,1,2.92/4,2010,Drama/Romance,Derek Cianfrance,"Ryan Gosling, Michelle Williams, Mike Vogel",7.4,2010,"Drama, Romance",Derek Cianfrance,"Ryan Gosling,Michelle Williams,John Doman,Faith Wladyka"
260,542238,542238,1763,1785,Grown Ups,Grown Ups,1,2.56/4,2010,Comedy,Dennis Dugan,"Adam Sandler, Kevin James, Chris Rock",6.0,2010,Comedy,Dennis Dugan,"Adam Sandler,Salma Hayek,Kevin James,Chris Rock"
419,867918,867918,2764,2861,Capote,Capote,1,2.88/4,2005,Biography/Crime,Bennett Miller,"Philip Seymour Hoffman, Catherine Keener, Chris Cooper",7.4,2005,"Biography, Crime, Drama",Bennett Miller,"Philip Seymour Hoffman,Clifton Collins Jr.,Catherine Keener,Allie Mickelson"
317,687247,687247,2224,2261,Never Back Down,Never Back Down,1,2.52/4,2008,Action/Drama,Jeff Wadlow,"Sean Faris, Djimon Hounsou, Cam Gigandet",6.6,2008,"Action, Drama, Sport",Jeff Wadlow,"Sean Faris,Djimon Hounsou,Amber Heard,Cam Gigandet"
495,1059802,1059802,2789,3463,Lord of War,The Call of Cthulhu,0,2.80/4,2005,Action/Crime,Andrew Niccol,"Nicolas Cage, Bridget Moynahan, Jared Leto",7.3,2005,"Fantasy, Horror, Mystery",Andrew Leman,"Matt Foyer,John Bolen,Ralph Lucas,Chad Fifer"
400,830567,830567,2925,2749,The Jacket,The Jacket,1,2.55/4,2005,Drama/Fantasy,John Maybury,"Adrien Brody, Keira Knightley, Kris Kristofferson",7.1,2005,"Drama, Fantasy, Horror",John Maybury,"Adrien Brody,Keira Knightley,Daniel Craig,Kris Kristofferson"
248,520407,520407,1951,1717,Angels & Demons,Angels & Demons,1,2.59/4,2009,Crime/Drama,Ron Howard,"Tom Hanks, Ayelet Zurer, Ewan McGregor",6.7,2009,"Mystery, Thriller",Ron Howard,"Tom Hanks,Ewan McGregor,Ayelet Zurer,Stellan SkarsgՂrd"
386,814405,814405,2325,2681,Harry Potter and the Order of the Phoenix,The Babysitters,0,2.98/4,2007,Adventure/Fantasy,David Yates,"Daniel Radcliffe, Fiona Shaw, Harry Melling",5.7,2007,Drama,David Ross,"Lauren Birkell,Paul Borghese,Chira Cassel,Anthony Cirillo"
19,31638,31638,33,96,Marshall,Marshall,1,3.05/4,2017,Biography/Drama,Reginald Hudlin,"Dan Stevens, Chadwick Boseman, Josh Gad",7.2,2017,"Biography, Drama",Reginald Hudlin,"Chadwick Boseman,Josh Gad,Kate Hudson,Sterling K. Brown"
328,707477,707477,2285,2324,The Forbidden Kingdom,The Mummy: Tomb of the Dragon Emperor,0,2.47/4,2008,Action/Adventure,Rob Minkoff,"Jackie Chan, Jet Li, Morgan Benoit",5.2,2008,"Action, Adventure, Fantasy",Rob Cohen,"Brendan Fraser,Jet Li,Maria Bello,Michelle Yeoh"
296,631680,631680,1871,2059,The Princess and the Frog,The Road,0,2.84/4,2009,Animation/Family,"Ron Clements, John Musker","John Goodman, Keith David, Oprah Winfrey",7.3,2009,"Adventure, Drama",John Hillcoat,"Viggo Mortensen,Charlize Theron,Kodi Smit-McPhee,Robert Duvall"
269,568116,568116,1984,1864,His Name Was Jason: 30 Years of Friday the 13th,The Girl Who Kicked the Hornet's Nest,0,2.75/4,2009,Documentary/Horror,Daniel Farrands,"Tom Savini, Kane Hodder, Betsy Palmer",7.3,2009,"Crime, Drama, Thriller",Daniel Alfredson,"Michael Nyqvist,Noomi Rapace,Lena Endre,Annika Hallin"
226,478455,478455,1512,1570,Rio (2011),Rio,1,2.69/4,2011,Animation/Adventure,Carlos Saldanha,"Anne Hathaway, Rodrigo Santoro, George Lopez",6.9,2011,"Animation, Adventure, Comedy",Carlos Saldanha,"Jesse Eisenberg,Anne Hathaway,George Lopez,Karen Disher"
414,865799,865799,2987,2852,The Great Raid,Into the Blue,0,2.46/4,2005,Drama/War,John Dahl,"Benjamin Bratt, James Franco, Joseph Fiennes",5.8,2005,"Action, Adventure, Crime",John Stockwell,"Paul Walker,Jessica Alba,Scott Caan,Ashley Scott"
3,8053,8053,77,24,Hostiles (2017),Hostiles,1,3.00/4,2017,Drama/Western,Scott Cooper,"Christian Bale, Rosamund Pike, Peter Mullan",7.3,2017,"Adventure, Drama, Western",Scott Cooper,"Scott Shepherd,Rosamund Pike,Ava Cooper,Stella Cooper"
378,796459,796459,2441,2628,Inside (  l'intթrieur ),Inside,1,2.71/4,2007,Horror/Thriller,"Alexandre Bustillo, Julien Maury","Bթatrice Dalle, Alysson Paradis, Nathalie Roussel",6.8,2007,Horror,"Alexandre Bustillo,Julien Maury","Alysson Paradis,Jean-Baptiste Tabourin,Claude Lulթ,Dominique Frot"
125,270842,270842,1068,864,Red 2,RED 2,1,2.56/4,2013,Action,Dean Parisot,"Bruce Willis, Helen Mirren, John Malkovich",6.7,2013,"Action, Comedy, Crime",Dean Parisot,"Bruce Willis,Helen Mirren,John Malkovich,Anthony Hopkins"
280,593987,593987,1487,1950,"Skin I Live In, The ( piel que habito, La )",The Skin I Live In,1,2.65/4,2011,Drama,Pedro Almod_var,"Antonio Banderas, Elena Anaya, Blanca Surez",7.6,2011,"Drama, Thriller",Pedro Almod_var,"Antonio Banderas,Elena Anaya,Jan Cornet,Marisa Paredes"
286,608685,608685,1997,1984,"Collector, The (2009)",The Collector,1,2.55/4,2009,Crime/Horror,Marcus Dunstan,"Madeline Zima, Andrea Roth, Daniella Alonso",6.4,2009,"Horror, Thriller",Marcus Dunstan,"Josh Stewart,Andrea Roth,Juan Fernndez,William Prael"
77,125646,125646,429,409,Keeping Up with the Joneses,Keeping Up with the Joneses,1,2.39/4,2016,Comedy,Greg Mottola,"Gal Gadot, Isla Fisher, Jon Hamm",5.9,2016,"Action, Comedy",Greg Mottola,"Zach Galifianakis,Isla Fisher,Jon Hamm,Gal Gadot"
184,412354,412354,1245,1355,The Bourne Legacy,The Bourne Legacy,1,2.65/4,2012,Action,Tony Gilroy,"Jeremy Renner, Edward Norton, Rachel Weisz",6.7,2012,"Action, Adventure, Mystery",Tony Gilroy,"Jeremy Renner,Rachel Weisz,Edward Norton,Scott Glenn"
424,880756,880756,2343,2902,The Darjeeling Limited,Meet the Robinsons,0,2.86/4,2007,Adventure/Comedy,Wes Anderson,"Owen Wilson, Adrien Brody, Jason Schwartzman",6.9,2007,"Animation, Adventure, Comedy",Stephen J. Anderson,"Daniel Hansen,Wesley Singerman,Angela Bassett,Jordan Fry"
477,1007375,1007375,3150,3298,The Snow Walker,The Aviator,0,2.80/4,2004,Adventure/Drama,Charles Martin Smith,"Barry Pepper, Annabella Piugattuk, James Cromwell",7.5,2004,"Biography, Drama, History",Martin Scorsese,"Leonardo DiCaprio,Cate Blanchett,Kate Beckinsale,John C. Reilly"
275,584226,584226,1716,1918,Hot Tub Time Machine,Hot Tub Time Machine,1,2.60/4,2010,Comedy,Steve Pink,"John Cusack, Crispin Glover, Lizzy Caplan",6.4,2010,"Comedy, Sci-Fi",Steve Pink,"John Cusack,Rob Corddry,Craig Robinson,Clark Duke"
294,626182,626182,1703,2046,Even the Rain ( Tambiթn la lluvia ),Even the Rain,1,2.94/4,2010,Historical/Drama,Ic_ar Bolla_n,"Gael Garc_a Bernal, Luis Tosar, Karra Elejalde",7.5,2010,"Drama, History",Ic_ar Bolla_n,"Gael Garc_a Bernal,Luis Tosar,Karra Elejalde,Juan Carlos Aduviri"
436,917084,917084,2807,3019,Slither (2006),Slither,1,2.47/4,2006,Horror/Sci-Fi,James Gunn,"Nathan Fillion, Elizabeth Banks, Tania Saulnier",6.5,2006,"Comedy, Horror, Sci-Fi",James Gunn,"Nathan Fillion,Elizabeth Banks,Michael Rooker,Don Thompson"
182,400863,400863,1385,1303,X-Men: First Class,X-Men: First Class,1,3.07/4,2011,Action/Sci-Fi,Matthew Vaughn,"James McAvoy, Michael Fassbender, Kevin Bacon",7.8,2011,"Action, Adventure, Sci-Fi",Matthew Vaughn,"James McAvoy,Michael Fassbender,Jennifer Lawrence,Kevin Bacon"
447,938654,938654,2790,3081,"Proposition, The (2005)",The Proposition,1,2.85/4,2005,Western,John Hillcoat,"Guy Pearce, Noah Taylor, Ray Winstone",7.4,2005,"Crime, Drama, Western",John Hillcoat,"Ray Winstone,Guy Pearce,Emily Watson,Richard Wilson"
80,134774,134774,736,423,Boyhood,Boyhood,1,3.01/4,2014,Drama,Richard Linklater,"Ellar Coltrane, Patricia Arquette, Ethan Hawke",7.9,2014,Drama,Richard Linklater,"Ellar Coltrane,Patricia Arquette,Ethan Hawke,Elijah Smith"
307,656605,656605,1080,2127,Birth of the Living Dead,Welcome to the Jungle,0,2.90/4,2013,Documentary,Rob Kuhns,"George A. Romero, Larry Fessenden, Gale Anne Hurd",5.0,2013,"Action, Adventure, Comedy",Rob Meltzer,"Jean-Claude Van Damme,Adam Brody,Rob Huebel,Megan Boone"
258,539776,539776,1857,1780,Hachi: A Dog's Tale ( Hachiko: A Dog's Story ),Hachi: A Dog's Tale,1,3.07/4,2009,Drama/Family,Lasse Hallstr_m,"Sarah Roemer, Richard Gere, Joan Allen",8.1,2009,"Drama, Family",Lasse Hallstr_m,"Richard Gere,Joan Allen,Cary-Hiroyuki Tagawa,Sarah Roemer"
11,22250,22250,353,59,Sing (2016),Sing,1,2.69/4,2016,Animation/Musical,Garth Jennings,"Scarlett Johansson, Matthew McConaughey, Taron Egerton",7.1,2016,"Animation, Comedy, Family","Garth Jennings,Christophe Lourdelet","Matthew McConaughey,Reese Witherspoon,Seth MacFarlane,Scarlett Johansson"
371,788992,788992,2325,2600,Harry Potter and the Order of the Phoenix,Harry Potter and the Order of the Phoenix,1,2.98/4,2007,Adventure/Fantasy,David Yates,"Daniel Radcliffe, Fiona Shaw, Harry Melling",7.5,2007,"Adventure, Family, Fantasy",David Yates,"Daniel Radcliffe,Emma Watson,Rupert Grint,Brendan Gleeson"
86,147139,147139,385,478,War on Everyone,War on Everyone,1,2.88/4,2016,Comedy,John Michael McDonagh,"Alexander SkarsgՂrd, Theo James, Tessa Thompson",5.8,2016,"Action, Comedy",John Michael McDonagh,"Alexander SkarsgՂrd,Michael Peձa,Theo James,Tessa Thompson"
266,562827,562827,1988,1847,The Ugly Truth,The Ugly Truth,1,2.51/4,2009,Comedy/Romance,Robert Luketic,"Gerard Butler, Katherine Heigl, Cheryl Hines",6.5,2009,"Comedy, Romance",Robert Luketic,"Katherine Heigl,Gerard Butler,Bree Turner,Eric Winter"
36,66457,66457,616,213,Chappie,Chappie,1,2.50/4,2015,Action/Thriller,Neill Blomkamp,"Hugh Jackman, Sigourney Weaver, Sharlto Copley",6.8,2015,"Action, Crime, Drama",Neill Blomkamp,"Sharlto Copley,Dev Patel,Hugh Jackman,Sigourney Weaver"
480,1022069,1022069,2806,3346,A Good Year,A Good Year,1,2.54/4,2006,Comedy/Drama,Ridley Scott,"Freddie Highmore, Albert Finney, Russell Crowe",7.0,2006,"Comedy, Drama, Romance",Ridley Scott,"Russell Crowe,Abbie Cornish,Albert Finney,Marion Cotillard"
58,100485,100485,637,329,Ted 2,Ted 2,1,2.41/4,2015,Comedy,Seth MacFarlane,"Seth MacFarlane, Mark Wahlberg, Amanda Seyfried",6.3,2015,Comedy,Seth MacFarlane,"Mark Wahlberg,Seth MacFarlane,Amanda Seyfried,Jessica Barth"
41,79411,79411,536,243,Jurassic World,Jurassic World,1,2.71/4,2015,Action/Adventure,Colin Trevorrow,"Chris Pratt, Bryce Dallas Howard, Jake Johnson",7.0,2015,"Action, Adventure, Sci-Fi",Colin Trevorrow,"Chris Pratt,Bryce Dallas Howard,Ty Simpkins,Judy Greer"
270,572463,572463,1655,1876,Four Lions,Four Lions,1,2.92/4,2010,Comedy,Christopher Morris,"Alex Macqueen, Benedict Cumberbatch, Julia Davis",7.3,2010,"Comedy, Crime, Drama",Christopher Morris,"Will Adamsdale,Riz Ahmed,Adeel Akhtar,Arsher Ali"
50,89032,89032,350,292,The Shallows,The Shallows,1,2.67/4,2016,Drama/Thriller,Jaume Collet-Serra,"Blake Lively, scar Jaenada, Sedona Legge",6.3,2016,"Drama, Horror, Thriller",Jaume Collet-Serra,"Blake Lively,scar Jaenada,Angelo Josue Lozano Corzo,Joseph Salas"
209,461513,461513,1479,1503,Corman's World: Exploits of a Hollywood Rebel,A Good Old Fashioned Orgy,0,2.94/4,2011,Documentary,Alex Stapleton,"Robert De Niro, Quentin Tarantino, Jack Nicholson",6.2,2011,"Comedy, Romance","Alex Gregory,Peter Huyck","Jason Sudeikis,Leslie Bibb,Tyler Labine,Lake Bell"
397,826813,826813,2765,2740,Cachթ,Cachթ,1,2.92/4,2005,Drama/Horror,Michael Haneke,"Daniel Auteuil, Juliette Binoche, Maurice Bթnichou",7.3,2005,"Drama, Mystery, Thriller",Michael Haneke,"Daniel Auteuil,Juliette Binoche,Maurice Bթnichou,Annie Girardot"
410,858546,858546,3071,2832,Dodgeball: A True Underdog Story,Dodgeball: A True Underdog Story,1,2.63/4,2004,Comedy,Rawson Marshall Thurber,"Vince Vaughn, Ben Stiller, Christine Taylor",6.7,2004,"Comedy, Sport",Rawson Marshall Thurber,"Ben Stiller,Christine Taylor,Vince Vaughn,Rip Torn"
416,866958,866958,2841,2859,Kingdom of Heaven,The Exorcism of Emily Rose,0,2.66/4,2005,Drama/Action,Ridley Scott,"Orlando Bloom, Liam Neeson, Michael Sheen",6.7,2005,"Drama, Horror, Thriller",Scott Derrickson,"Laura Linney,Tom Wilkinson,Shohreh Aghdashloo,Campbell Scott"
123,258075,258075,475,828,Me and Earl and the Dying Girl,Me and Earl and the Dying Girl,1,3.05/4,2015,Drama,Alfonso Gomez-Rejon,"Olivia Cooke, Nick Offerman, Jon Bernthal",7.8,2015,"Comedy, Drama",Alfonso Gomez-Rejon,"Thomas Mann,RJ Cyler,Olivia Cooke,Nick Offerman"
222,476353,476353,1672,1550,Flipped,Flipped,1,2.86/4,2010,Comedy/Drama,Rob Reiner,"Anthony Edwards, Penelope Ann Miller, Rebecca De Mornay",7.7,2010,"Comedy, Drama, Romance",Rob Reiner,"Madeline Carroll,Callan McAuliffe,Rebecca De Mornay,Anthony Edwards"
62,109916,109916,514,353,The Man from U.N.C.L.E.,The Man from U.N.C.L.E.,1,2.80/4,2015,Action/Comedy,Guy Ritchie,"Henry Cavill, Armie Hammer, Hugh Grant",7.3,2015,"Action, Adventure, Comedy",Guy Ritchie,"Henry Cavill,Armie Hammer,Alicia Vikander,Elizabeth Debicki"
377,795496,795496,2342,2627,Before the Devil Knows You're Dead,Before the Devil Knows You're Dead,1,2.91/4,2007,Crime/Drama,Sidney Lumet,"Philip Seymour Hoffman, Albert Finney, Ethan Hawke",7.3,2007,"Crime, Drama, Thriller",Sidney Lumet,"Philip Seymour Hoffman,Ethan Hawke,Albert Finney,Marisa Tomei"
130,277954,277954,763,898,Clouds of Sils Maria,Clouds of Sils Maria,1,2.90/4,2014,Drama,Olivier Assayas,"Juliette Binoche, Kristen Stewart, Chlo Grace Moretz",6.7,2014,Drama,Olivier Assayas,"Juliette Binoche,Kristen Stewart,Chlo Grace Moretz,Lars Eidinger"
187,419286,419286,1517,1369,A Dangerous Method,A Dangerous Method,1,2.60/4,2011,Drama/Thriller,David Cronenberg,"Viggo Mortensen, Keira Knightley, Michael Fassbender",6.5,2011,"Biography, Drama, Romance",David Cronenberg,"Michael Fassbender,Keira Knightley,Viggo Mortensen,Vincent Cassel"
23,39882,39882,329,126,The Ones Below,The Legend of Tarzan,0,2.90/4,2016,Thriller,David Farr,"Clթmence Poթsy, David Morrissey, Stephen Campbell Moore",6.3,2016,"Action, Adventure, Drama",David Yates,"Alexander SkarsgՂrd,Rory J. Saper,Christian Stevens,Christoph Waltz"
43,84753,84753,46,276,Call Me by Your Name,Call Me by Your Name,1,3.29/4,2017,Drama/Romance,Luca Guadagnino,"Amira Casar, Timothթe Chalamet, Armie Hammer",8.0,2017,"Drama, Romance",Luca Guadagnino,"Armie Hammer,Timothթe Chalamet,Michael Stuhlbarg,Amira Casar"
441,932408,932408,3008,3061,Before Sunset,Before Sunset,1,2.97/4,2004,Drama/Romance,Richard Linklater,"Ethan Hawke, Julie Delpy, Vernon Dobtcheff",8.1,2004,"Drama, Romance",Richard Linklater,"Ethan Hawke,Julie Delpy,Vernon Dobtcheff,Louise Lemoine TorrՌs"
0,1091,1091,445,4,The Finest Hours,The Edge of Seventeen,0,2.48/4,2016,Drama/Thriller,Craig Gillespie,"Chris Pine, Michael Raymond-James, Eric Bana",7.4,2016,"Comedy, Drama",Kelly Fremon Craig,"Hailee Steinfeld,Haley Lu Richardson,Blake Jenner,Kyra Sedgwick"
201,444541,444541,1691,1452,The Ghost Writer,The Ghost Writer,1,2.72/4,2010,Drama/Mystery,Roman Polanski,"Ewan McGregor, Pierce Brosnan, Kim Cattrall",7.2,2010,"Drama, Mystery, Thriller",Roman Polanski,"Ewan McGregor,Pierce Brosnan,Olivia Williams,Jon Bernthal"
368,785018,785018,2542,2594,Inside Man (2006),Inside Man,1,2.90/4,2006,Crime/Drama,Spike Lee,"Denzel Washington, Clive Owen, Jodie Foster",7.6,2006,"Crime, Drama, Mystery",Spike Lee,"Denzel Washington,Clive Owen,Jodie Foster,Christopher Plummer"
426,893900,893900,2183,2940,Meet the Browns,Meet the Browns,1,2.83/4,2008,Comedy/Drama,Tyler Perry,"Sof_a Vergara, Tyler Perry, Rick Fox",4.2,2008,"Comedy, Drama, Romance",Tyler Perry,"Tamela J. Mann,Angela Bassett,Tyler Perry,David Mann"
98,173966,173966,778,561,The Hobbit: The Battle of Five Armies,The Nut Job,0,2.82/4,2014,Adventure/Fantasy,Peter Jackson,"Benedict Cumberbatch, Ian McKellen, Martin Freeman",5.8,2014,"Animation, Adventure, Comedy",Peter Lepeniotis,"Will Arnett,Brendan Fraser,Liam Neeson,Katherine Heigl"
349,736199,736199,2141,2447,Repo! The Genetic Opera!,Repo! The Genetic Opera,1,2.79/4,2008,Fantasy/Horror,Darren Lynn Bousman,"Paris Hilton, Bill Moseley, Alexa Vega",6.7,2008,"Horror, Musical, Sci-Fi",Darren Lynn Bousman,"Paul Sorvino,Anthony Head,Alexa PenaVega,Sarah Brightman"
304,650733,650733,1384,2116,The Artist,The Artist,1,3.18/4,2011,Romance/Comedy,Michel Hazanavicius,"Jean Dujardin, Bթrթnice Bejo, John Goodman",7.9,2011,"Comedy, Drama, Romance",Michel Hazanavicius,"Jean Dujardin,Bթrթnice Bejo,John Goodman,James Cromwell"
487,1041579,1041579,2863,3406,Hostage (2005),Hostage,1,2.58/4,2005,Action/Crime,Florent Emilio Siri,"Bruce Willis, Kevin Pollak, Jimmy Bennett",6.6,2005,"Action, Crime, Drama",Florent-Emilio Siri,"Bruce Willis,Kevin Pollak,Serena Scott Thomas,Jimmy Bennett"
178,393628,393628,1354,1276,Abraham Lincoln: Vampire Hunter,Abraham Lincoln: Vampire Hunter,1,2.42/4,2012,Horror/Thriller,Timur Bekmambetov,"Benjamin Walker, Mary Elizabeth Winstead, Dominic Cooper",5.9,2012,"Action, Fantasy, Horror",Timur Bekmambetov,"Benjamin Walker,Rufus Sewell,Dominic Cooper,Anthony Mackie"
369,785035,785035,2656,2595,Talladega Nights: The Ballad of Ricky Bobby,Talladega Nights: The Ballad of Ricky Bobby,1,2.57/4,2006,Comedy/Sport,Adam McKay,"Will Ferrell, John C. Reilly, Sacha Baron Cohen",6.6,2006,"Action, Comedy, Sport",Adam McKay,"Will Ferrell,John C. Reilly,Sacha Baron Cohen,Gary Cole"
256,539387,539387,1878,1777,"Road, The (2009)",The Blind Side,0,2.82/4,2009,Drama/Thriller,John Hillcoat,"Viggo Mortensen, Kodi Smit-McPhee, Charlize Theron",7.7,2009,"Biography, Drama, Sport",John Lee Hancock,"Quinton Aaron,Sandra Bullock,Tim McGraw,Jae Head"
94,157075,157075,79,510,Vixen: The Movie,The Disaster Artist,0,3.00/4,2017,Animation/Action,"James Tucker, Curt Geda","Megalyn Echikunwoke, Stephen Amell, Emily Bett Rickards",7.6,2017,"Biography, Comedy, Drama",James Franco,"James Franco,Dave Franco,Ari Graynor,Seth Rogen"
465,982757,982757,2895,3222,Assault on Precinct 13 (2005),Assault on Precinct 13,1,2.53/4,2005,Action/Drama,Jean-Fran_ois Richet,"Ethan Hawke, Laurence Fishburne, Gabriel Byrne",6.3,2005,"Action, Crime, Drama",Jean-Fran_ois Richet,"Ethan Hawke,Laurence Fishburne,Gabriel Byrne,Maria Bello"
95,161207,161207,339,521,The Secret Life of Pets,The Secret Life of Pets,1,2.78/4,2016,Animation/Comedy,"Chris Renaud, Yarrow Cheney","Louis C.K., Eric Stonestreet, Kevin Hart",6.5,2016,"Animation, Adventure, Comedy","Chris Renaud,Yarrow Cheney","Louis C.K.,Eric Stonestreet,Kevin Hart,Lake Bell"
442,932836,932836,3200,3065,The SpongeBob SquarePants Movie,The SpongeBob SquarePants Movie,1,2.54/4,2004,Animation/Adventure,Stephen Hillenburg,"Tom Kenny, Clancy Brown, Rodger Bumpass",7.0,2004,"Animation, Adventure, Comedy","Stephen Hillenburg,Mark Osborne","Tom Kenny,Jeffrey Tambor,Rodger Bumpass,Carolyn Lawrence"
169,370181,370181,1583,1207,Hop (2011),Hop,1,2.45/4,2011,Comedy,Tim Hill,"Russell Brand, Kaley Cuoco, James Marsden",5.5,2011,"Animation, Adventure, Comedy",Tim Hill,"Russell Brand,James Marsden,Elizabeth Perkins,Kaley Cuoco"
69,115763,115763,84,372,Captain Underpants: The First Epic Movie,Captain Underpants: The First Epic Movie,1,2.59/4,2017,Animation/Comedy,David Soren,"Kevin Hart, Ed Helms, Nick Kroll",6.2,2017,"Animation, Action, Comedy",David Soren,"Kevin Hart,Thomas Middleditch,Ed Helms,Nick Kroll"
305,653682,653682,1381,2120,Harry Potter and the Deathly Hallows: Part 2,The Sitter,0,3.17/4,2011,Adventure/Fantasy,David Yates,"Daniel Radcliffe, Emma Watson, Rupert Grint",5.7,2011,"Action, Comedy, Crime",David Gordon Green,"Jonah Hill,Ari Graynor,Sam Rockwell,Max Records"
48,86866,86866,315,287,"Magnificent Seven, The (2016)",The Magnificent Seven,1,2.70/4,2016,Action/Western,Antoine Fuqua,"Denzel Washington, Chris Pratt, Ethan Hawke",6.9,2016,"Action, Adventure, Western",Antoine Fuqua,"Denzel Washington,Chris Pratt,Ethan Hawke,Vincent D'Onofrio"
341,722843,722843,2261,2407,The Accidental Husband,The Accidental Husband,1,2.62/4,2008,Romance/Comedy,Griffin Dunne,"Uma Thurman, Jeffrey Dean Morgan, Colin Firth",5.6,2008,"Comedy, Romance",Griffin Dunne,"Uma Thurman,Jeffrey Dean Morgan,Justina Machado,Colin Firth"
373,790100,790100,2298,2602,Superbad,Superbad,1,2.94/4,2007,Comedy/Adventure,Greg Mottola,"Seth Rogen, Jonah Hill, Michael Cera",7.6,2007,Comedy,Greg Mottola,"Michael Cera,Jonah Hill,Christopher Mintz-Plasse,Bill Hader"
207,458079,458079,1317,1494,Journey 2: The Mysterious Island,Journey 2: The Mysterious Island,1,2.54/4,2012,Adventure/Family,Brad Peyton,"Dwayne Johnson, Michael Caine, Josh Hutcherson",5.8,2012,"Action, Adventure, Comedy",Brad Peyton,"Josh Hutcherson,Dwayne Johnson,Michael Caine,Luis Guzmn"
279,592536,592536,1532,1945,"Names of Love, The ( nom des gens, Le )",The Green Hornet,0,2.79/4,2011,Comedy,Michel Leclerc,"Jacques Gamblin, Sara Forestier, Zinedine Soualem",5.8,2011,"Action, Comedy, Crime",Michel Gondry,"Seth Rogen,Jay Chou,Christoph Waltz,Cameron Diaz"
227,479814,479814,1531,1578,One Day,One Day,1,2.53/4,2011,Comedy/Romance,Lone Scherfig,"Anne Hathaway, Jim Sturgess, Patricia Clarkson",7.0,2011,"Drama, Romance",Lone Scherfig,"Anne Hathaway,Jim Sturgess,Patricia Clarkson,Tom Mison"
148,321824,321824,885,1058,The Rover,The Rover,1,2.53/4,2014,Drama/Sci-Fi,David Michd,"Guy Pearce, Robert Pattinson, Scoot McNairy",6.4,2014,"Action, Crime, Drama",David Michd,"Guy Pearce,Robert Pattinson,Scoot McNairy,David Field"
143,302290,302290,638,992,"Final Girls, The (2015)",The Final Girls,1,2.56/4,2015,Comedy/Horror,Todd Strauss-Schulson,"Malin Akerman, Nina Dobrev, Adam DeVine",6.6,2015,"Comedy, Horror",Todd Strauss-Schulson,"Taissa Farmiga,Malin Akerman,Adam Devine,Thomas Middleditch"
334,718366,718366,2296,2376,Stop-Loss,Stop-Loss,1,2.47/4,2008,Drama/War,Kimberly Peirce,"Ryan Phillippe, Abbie Cornish, Channing Tatum",6.5,2008,"Drama, War",Kimberly Peirce,"Ryan Phillippe,Abbie Cornish,Joseph Gordon-Levitt,Rob Brown"
180,400817,400817,1520,1299,Gnomeo and Juliet,Gnomeo & Juliet,1,2.51/4,2011,Animation/Family,Kelly Asbury,"James McAvoy, Emily Blunt, Jason Statham",6.0,2011,"Animation, Comedy, Family",Kelly Asbury,"James McAvoy,Emily Blunt,Maggie Smith,Ashley Jensen"
356,761320,761320,2283,2511,There Will Be Blood,There Will Be Blood,1,3.13/4,2007,Drama,Paul Thomas Anderson,"Daniel Day-Lewis, Ciarn Hinds, Paul Dano",8.1,2007,Drama,Paul Thomas Anderson,"Daniel Day-Lewis,Paul Dano,Ciarn Hinds,Martin Stringer"
131,278616,278616,914,900,"Double, The (2014)",The Last Five Years,0,2.50/4,2014,Comedy/Drama,Richard Ayoade,"Mia Wasikowska, Jesse Eisenberg, Wallace Shawn",5.9,2014,"Comedy, Drama, Musical",Richard LaGravenese,"Anna Kendrick,Jeremy Jordan,Tamara Mintz,Cassandra Inman"
462,971266,971266,2868,3179,Transamerica,Transamerica,1,2.77/4,2005,Adventure/Comedy,Duncan Tucker,"Felicity Huffman, Danny Burstein, Andrea James",7.4,2005,"Adventure, Comedy, Drama",Duncan Tucker,"Felicity Huffman,Kevin Zegers,Fionnula Flanagan,Andrea James"
498,1061768,1061768,2884,3490,Thumbsucker,Thumbsucker,1,2.65/4,2005,Comedy/Drama,Mike Mills,"Lou Taylor Pucci, Tilda Swinton, Vincent D'Onofrio",6.6,2005,"Comedy, Drama",Mike Mills,"Lou Taylor Pucci,Tilda Swinton,Vincent D'Onofrio,Keanu Reeves"
262,548694,548694,1800,1803,The Sorcerer's Apprentice,The Sorcerer's Apprentice,1,2.49/4,2010,Drama/Fantasy,Jon Turteltaub,"Nicolas Cage, Alfred Molina, Toby Kebbell",6.1,2010,"Action, Adventure, Family",Jon Turteltaub,"Nicolas Cage,Jay Baruchel,Alfred Molina,Teresa Palmer"
324,701802,701802,2076,2304,Let the Right One In ( LՂt den r_tte komma in ),Let the Right One In,1,3.12/4,2008,Horror/Drama,Tomas Alfredson,"Kare Hedebrant, Lina Leandersson, Per Ragnar",7.9,2008,"Drama, Horror, Romance",Tomas Alfredson,"KՂre Hedebrant,Lina Leandersson,Per Ragnar,Henrik Dahl"
203,451053,451053,1289,1471,Safe (2012),Safe,1,2.64/4,2012,Crime,Boaz Yakin,"Jason Statham, Chris Sarandon, James Hong",6.5,2012,"Action, Crime, Thriller",Boaz Yakin,"Jason Statham,Catherine Chan,Chris Sarandon,Robert John Burke"
84,143820,143820,589,461,The Longest Ride,The Longest Ride,1,2.53/4,2015,Drama,George Tillman Jr.,"Britt Robertson, Scott Eastwood, Oona Chaplin",7.1,2015,"Drama, Romance",George Tillman Jr.,"Scott Eastwood,Britt Robertson,Alan Alda,Jack Huston"
121,254783,254783,413,818,I Am the Pretty Thing That Lives in the House,I Am the Pretty Thing That Lives in the House,1,2.83/4,2016,Thriller,Oz Perkins,"Ruth Wilson, Paula Prentiss, Lucy Boynton",4.6,2016,"Horror, Thriller",Oz Perkins,"Ruth Wilson,Paula Prentiss,Bob Balaban,Lucy Boynton"
482,1027087,1027087,3182,3363,Resident Evil: Apocalypse,Resident Evil: Apocalypse,1,2.45/4,2004,Horror/Sci-Fi,Alexander Witt,"Milla Jovovich, Sienna Guillory, Oded Fehr",6.2,2004,"Action, Horror, Sci-Fi",Alexander Witt,"Milla Jovovich,Sienna Guillory,Eric Mabius,Oded Fehr"
434,911490,911490,2713,3000,Heroes of World Class: The Story of the Von Erichs and the Rise and Fall of World Class Championship Wrestling,The Shaggy Dog,0,2.90/4,2006,Documentary,Brian Harrison,Gino Fernandez,4.4,2006,"Comedy, Family, Fantasy",Brian Robbins,"Tim Allen,Kristin Davis,Craig Kilborn,Zena Grey"
460,967319,967319,2997,3171,The Bourne Supremacy,The Bourne Supremacy,1,3.05/4,2004,Action/Adventure,Paul Greengrass,"Matt Damon, Franka Potente, Brian Cox",7.8,2004,"Action, Mystery, Thriller",Paul Greengrass,"Matt Damon,Franka Potente,Joan Allen,Brian Cox"
454,946431,946431,2758,3105,Serenity (2005),Serenity,1,3.04/4,2005,Action/Sci-Fi,Joss Whedon,"Nathan Fillion, Gina Torres, Alan Tudyk",7.9,2005,"Action, Adventure, Sci-Fi",Joss Whedon,"Nathan Fillion,Gina Torres,Chiwetel Ejiofor,Alan Tudyk"
384,813706,813706,2526,2679,Little Miss Sunshine,Little Miss Sunshine,1,3.05/4,2006,Comedy/Drama,Jonathan Dayton,"Abigail Breslin, Toni Collette, Greg Kinnear",7.8,2006,"Comedy, Drama","Jonathan Dayton,Valerie Faris","Steve Carell,Toni Collette,Greg Kinnear,Abigail Breslin"
91,157031,157031,38,505,T2 Trainspotting,T2 Trainspotting,1,2.91/4,2017,Drama,Danny Boyle,"Ewan McGregor, Robert Carlyle, Jonny Lee Miller",7.3,2017,Drama,Danny Boyle,"Ewan McGregor,Ewen Bremner,Jonny Lee Miller,Robert Carlyle"
82,137007,137007,605,438,Our Brand is Crisis (2015),Our Brand Is Crisis,1,2.61/4,2015,Comedy/Drama,David Gordon Green,"Sandra Bullock, Billy Bob Thornton, Anthony Mackie",6.1,2015,"Comedy, Drama",David Gordon Green,"Sandra Bullock,Billy Bob Thornton,Anthony Mackie,Joaquim de Almeida"
267,563392,563392,1916,1849,"Last House on the Left, The (2009)",The Last House on the Left,1,2.73/4,2009,Horror/Thriller,Dennis Iliadis,"Spencer Treat Clark, Joshua Cox, Garret Dillahunt",6.6,2009,"Horror, Thriller",Dennis Iliadis,"Garret Dillahunt,Monica Potter,Tony Goldwyn,Michael Bowen"
119,253966,253966,491,815,Shaun the Sheep Movie,The Little Prince,0,2.98/4,2015,Animation/Adventure,"Mark Burton, Richard Starzack","Justin Fletcher, John Sparkes, Omid Djalili",7.8,2015,"Animation, Adventure, Drama",Mark Osborne,"Jeff Bridges,Mackenzie Foy,Rachel McAdams,Marion Cotillard"
358,763240,763240,2366,2527,"Counterfeiters, The ( F_lscher, Die )",The Counterfeiters,1,2.89/4,2007,Crime/Drama,Stefan Ruzowitzky,"August Diehl, Karl Markovics, Martin Brambach",7.6,2007,"Crime, Drama, War",Stefan Ruzowitzky,"Karl Markovics,August Diehl,Devid Striesow,Martin Brambach"
291,618774,618774,1971,2017,"Haunting in Connecticut, The",Hannah Montana: The Movie,0,2.52/4,2009,Horror/Thriller,Peter Cornwell,"Virginia Madsen, Amanda Crew, Elias Koteas",4.3,2009,"Comedy, Drama, Family",Peter Chelsom,"Miley Cyrus,Emily Osment,Billy Ray Cyrus,Jason Earles"
57,98614,98614,693,322,The Grand Budapest Hotel,The Grand Budapest Hotel,1,3.32/4,2014,Drama,Wes Anderson,"Ralph Fiennes, Tony Revolori, Adrien Brody",8.1,2014,"Adventure, Comedy, Drama",Wes Anderson,"Ralph Fiennes,F. Murray Abraham,Mathieu Amalric,Adrien Brody"
321,694217,694217,1803,2279,Never Sleep Again: The Elm Street Legacy,The Last Exorcism,0,3.00/4,2010,Documentary,"Daniel Farrands, Andrew Kasch","Robert Englund, Wes Craven, Heather Langenkamp",5.6,2010,"Drama, Horror, Thriller",Daniel Stamm,"Patrick Fabian,Ashley Bell,Iris Bahr,Louis Herthum"
257,539390,539390,1890,1777,Precious: Based on the Novel Push by Sapphire,The Blind Side,0,2.91/4,2009,Drama,Lee Daniels,"Gabourey 'Gabby' Sidibe, Mo'Nique, Paula Patton",7.7,2009,"Biography, Drama, Sport",John Lee Hancock,"Quinton Aaron,Sandra Bullock,Tim McGraw,Jae Head"
376,795200,795200,2318,2619,"4 Months, 3 Weeks and 2 Days ( 4 luni, 3 saptamբni si 2 zile )","4 Months, 3 Weeks and 2 Days",1,2.94/4,2007,Drama,Cristian Mungiu,"Anamaria Marinca, Laura Vasiliu, Vlad Ivanov",7.9,2007,Drama,Cristian Mungiu,"Anamaria Marinca,Laura Vasiliu,Vlad Ivanov,Alexandru Potocean"
446,937796,937796,3035,3079,Shrek 2,Shrek 2,1,2.76/4,2004,Animation/Comedy,Andrew Adamson,"Mike Myers, Cameron Diaz, Julie Andrews",7.2,2004,"Animation, Adventure, Comedy","Andrew Adamson,Kelly Asbury,Conrad Vernon","Mike Myers,Eddie Murphy,Cameron Diaz,Julie Andrews"
42,83645,83645,226,265,"House, The (2017)",The House,1,2.17/4,2017,Comedy,Andrew Jay Cohen,"Will Ferrell, Amy Poehler, Allison Tolman",5.6,2017,Comedy,Andrew Jay Cohen,"Will Ferrell,Amy Poehler,Ryan Simpkins,Jason Mantzoukas"
105,211888,211888,893,693,Before I Go to Sleep,Before I Go to Sleep,1,2.55/4,2014,Mystery/Thriller,Rowan Joffe,"Nicole Kidman, Colin Firth, Mark Strong",6.3,2014,"Drama, Mystery, Thriller",Rowan Joffe,"Nicole Kidman,Colin Firth,Mark Strong,Anne-Marie Duff"
388,815369,815369,2386,2682,"Lookout, The (2007)",The Mist,0,2.77/4,2007,Crime/Thriller,Scott Frank,"Joseph Gordon-Levitt, Isla Fisher, Carla Gugino",7.2,2007,"Horror, Sci-Fi, Thriller",Frank Darabont,"Thomas Jane,Marcia Gay Harden,Laurie Holden,Andre Braugher"
467,984791,984791,2824,3233,Aliens of the Deep,Walk the Line,0,2.93/4,2005,Documentary,"James Cameron, Steven Quale","Loretta Hidalgo, James Cameron, Anatoly M. Sagalevitch",7.9,2005,"Biography, Drama, Music",James Mangold,"Joaquin Phoenix,Reese Witherspoon,Ginnifer Goodwin,Robert Patrick"
273,583032,583032,1947,1911,A Perfect Getaway,A Perfect Getaway,1,2.66/4,2009,Thriller,David Twohy,"Milla Jovovich, Timothy Olyphant, Marley Shelton",6.5,2009,"Adventure, Mystery, Thriller",David Twohy,"Milla Jovovich,Steve Zahn,Timothy Olyphant,Kiele Sanchez"
444,936773,936773,3012,3074,The Machinist,The Machinist,1,2.92/4,2004,Drama/Mystery,Brad Anderson,"Christian Bale, Jennifer Jason Leigh, Aitana Snchez-Gij_n",7.7,2004,"Drama, Thriller",Brad Anderson,"Christian Bale,Jennifer Jason Leigh,Aitana Snchez-Gij_n,John Sharian"
38,69296,69296,550,217,Welcome to Leith,Scouts Guide to the Zombie Apocalypse,0,3.13/4,2015,Documentary/Thriller,"Michael Beach Nichols, Christopher K. Walker",Craig Cobb,6.3,2015,"Action, Comedy, Horror",Christopher Landon,"Tye Sheridan,Logan Miller,Joey Morgan,Sarah Dumont"
389,815695,815695,2353,2685,Bridge to Terabithia,Bridge to Terabithia,1,2.78/4,2007,Family/Fantasy,Gabor Csupo,"Josh Hutcherson, AnnaSophia Robb, Robert Patrick",7.2,2007,"Adventure, Drama, Family",Gabor Csupo,"Josh Hutcherson,AnnaSophia Robb,Zooey Deschanel,Robert Patrick"
53,95607,95607,694,315,Guardians of the Galaxy,Guardians of the Galaxy,1,3.23/4,2014,Action/Sci-Fi,James Gunn,"Chris Pratt, Bradley Cooper, Vin Diesel",8.1,2014,"Action, Adventure, Sci-Fi",James Gunn,"Chris Pratt,Vin Diesel,Bradley Cooper,Zoe Saldana"
420,869663,869663,2760,2867,Star Wars: Episode III - Revenge of the Sith,Land of the Dead,0,2.81/4,2005,Adventure/Sci-Fi,George Lucas,"Ewan McGregor, Hayden Christensen, Natalie Portman",6.2,2005,"Horror, Sci-Fi, Thriller",George A. Romero,"John Leguizamo,Asia Argento,Simon Baker,Dennis Hopper"
437,919928,919928,2336,3024,Gone Baby Gone,Gone Baby Gone,1,3.01/4,2007,Crime/Mystery,Ben Affleck,"Casey Affleck, Morgan Freeman, Michelle Monaghan",7.7,2007,"Crime, Drama, Mystery",Ben Affleck,"Morgan Freeman,Ed Harris,Casey Affleck,Michelle Monaghan"
128,276113,276113,729,889,"Judge, The (2014)",Maps to the Stars,0,2.88/4,2014,Drama,David Dobkin,"Robert Downey Jr., Vincent D'Onofrio, Leighton Meester",6.2,2014,"Comedy, Drama",David Cronenberg,"Julianne Moore,Mia Wasikowska,Robert Pattinson,John Cusack"
290,612534,612534,1658,1992,"Man from Nowhere, The ( Ajeossi )",The Man from Nowhere,1,2.93/4,2010,Crime/Thriller,Jeong-beom Lee,"Bin Won, Sae-ron Kim, Hyo-seo Kim",7.8,2010,"Action, Crime, Thriller",Jeong-beom Lee,"Bin Won,Sae-ron Kim,Tae-hoon Kim,Hee-won Kim"
28,53210,53210,32,172,Spider-Man: Homecoming,Spider-Man: Homecoming,1,2.88/4,2017,Action/Fantasy,Jon Watts,"Tom Holland, Michael Keaton, Robert Downey Jr.",7.5,2017,"Action, Adventure, Sci-Fi",Jon Watts,"Tom Holland,Michael Keaton,Robert Downey Jr.,Marisa Tomei"
183,400878,400878,1383,1304,Warrior (2011),Warrior,1,3.19/4,2011,Action/Drama,Gavin O'Connor,"Tom Hardy, Joel Edgerton, Nick Nolte",8.2,2011,"Drama, Sport",Gavin O'Connor,"Tom Hardy,Nick Nolte,Joel Edgerton,Jennifer Morrison"
370,788815,788815,2690,2599,X-Men: The Last Stand,X-Men: The Last Stand,1,2.56/4,2006,Action/Adventure,Brett Ratner,"Hugh Jackman, Patrick Stewart, Halle Berry",6.7,2006,"Action, Adventure, Fantasy",Brett Ratner,"Patrick Stewart,Hugh Jackman,Halle Berry,Famke Janssen"
163,351967,351967,754,1149,A Most Violent Year,A Most Violent Year,1,2.89/4,2014,Crime/Drama,J.C. Chandor,"Jessica Chastain, Oscar Isaac, Ashley Williams",7.0,2014,"Crime, Drama, Thriller",J.C. Chandor,"Oscar Isaac,Jessica Chastain,David Oyelowo,Alessandro Nivola"
151,327328,327328,1003,1077,"Heat, The (2013)",The Heat,1,2.71/4,2013,Comedy,Paul Feig,"Sandra Bullock, Melissa McCarthy, Tony Hale",6.6,2013,"Action, Comedy, Crime",Paul Feig,"Sandra Bullock,Michael McDonald,Melissa McCarthy,Demin Bichir"
244,516781,516781,1181,1696,Ruby Sparks,Ruby Sparks,1,2.86/4,2012,Comedy/Romance,"Jonathan Dayton, Valerie Faris","Antonio Banderas, Alia Shawkat, Paul Dano",7.2,2012,"Comedy, Drama, Fantasy","Jonathan Dayton,Valerie Faris","Paul Dano,Zoe Kazan,Annette Bening,Antonio Banderas"
202,445979,445979,1426,1456,Take Shelter,Take Shelter,1,2.93/4,2011,Drama,Jeff Nichols,"Jessica Chastain, Michael Shannon, Katy Mixon",7.4,2011,"Drama, Thriller",Jeff Nichols,"Michael Shannon,Jessica Chastain,Shea Whigham,Tova Stewart"
31,57091,57091,358,183,Me Before You,Me Before You,1,2.79/4,2016,Drama,Thea Sharrock,"Emilia Clarke, Sam Claflin, Janet McTeer",7.4,2016,"Drama, Romance",Thea Sharrock,"Emilia Clarke,Sam Claflin,Janet McTeer,Charles Dance"
32,58248,58248,360,187,The Light Between Oceans,The Light Between Oceans,1,2.82/4,2016,Drama,Derek Cianfrance,"Alicia Vikander, Michael Fassbender, Rachel Weisz",7.2,2016,"Drama, Romance",Derek Cianfrance,"Michael Fassbender,Alicia Vikander,Rachel Weisz,Florence Clery"
127,274545,274545,1135,874,The Frozen Ground,Out of the Furnace,0,2.47/4,2013,Thriller,Scott Walker,"Nicolas Cage, John Cusack, Vanessa Hudgens",6.8,2013,"Crime, Drama, Thriller",Scott Cooper,"Christian Bale,Casey Affleck,Zoe Saldana,Woody Harrelson"
185,416250,416250,1608,1363,Battle: Los Angeles,Battle Los Angeles,1,2.35/4,2011,Action/Sci-Fi,Jonathan Liebesman,"Aaron Eckhart, Ramon Rodriguez, Michelle Rodriguez",5.8,2011,"Action, Sci-Fi",Jonathan Liebesman,"Aaron Eckhart,Michelle Rodriguez,Bridget Moynahan,Ramon Rodriguez"
470,986730,986730,2970,3235,The Brothers Grimm,The Brothers Grimm,1,2.35/4,2005,Fantasy/Comedy,Terry Gilliam,"Matt Damon, Heath Ledger, Jonathan Pryce",5.9,2005,"Adventure, Comedy, Fantasy",Terry Gilliam,"Matt Damon,Heath Ledger,Monica Bellucci,Petr Ratimec"
449,940566,940566,2851,3087,The Constant Gardener,The Constant Gardener,1,2.80/4,2005,Drama/Thriller,Fernando Meirelles,"Ralph Fiennes, Rachel Weisz, Bill Nighy",7.4,2005,"Drama, Mystery, Romance",Fernando Meirelles,"Ralph Fiennes,Rachel Weisz,Danny Huston,Hubert Koundթ"
288,610006,610006,1899,1989,"Loved Ones, The (2009)",The Loved Ones,1,2.93/4,2009,Horror,Sean Byrne,"Xavier Samuel, Jessica McNamee, Richard Wilson",6.7,2009,"Horror, Thriller",Sean Byrne,"Xavier Samuel,Robin McLeavy,Victoria Thaine,Jessica McNamee"
423,875069,875069,2585,2886,Omkara,Omkara,1,2.91/4,2006,Action/Drama,Vishal Bhardwaj,"Ajay Devgan, Kareena Kapoor, Saif Ali Khan",8.1,2006,"Action, Crime, Drama",Vishal Bhardwaj,"Ajay Devgn,Kareena Kapoor Khan,Saif Ali Khan,Konkona Sen Sharma"
398,827875,827875,2783,2747,The Squid and the Whale,The Squid and the Whale,1,2.90/4,2005,Comedy/Drama,Noah Baumbach,"Owen Kline, Jeff Daniels, Laura Linney",7.4,2005,"Comedy, Drama",Noah Baumbach,"Owen Kline,Jeff Daniels,Laura Linney,Jesse Eisenberg"
456,954935,954935,2312,3129,Michael Clayton,Michael Clayton,1,2.90/4,2007,Drama/Thriller,Tony Gilroy,"George Clooney, Pamela Gray, Sydney Pollack",7.3,2007,"Crime, Drama, Mystery",Tony Gilroy,"George Clooney,Tilda Swinton,Tom Wilkinson,Michael O'Keefe"
147,321157,321157,781,1052,Leviathan ( Leviafan ),Leviathan,1,3.17/4,2014,Drama,Andrey Zvyagintsev,"Aleksey Serebryakov, Elena Lyadova, Roman Madyanov",7.6,2014,"Crime, Drama",Andrey Zvyagintsev,"Aleksey Serebryakov,Elena Lyadova,Roman Madyanov,Vladimir Vdovichenkov"
285,607986,607986,1926,1983,Drag Me to Hell,Drag Me to Hell,1,2.68/4,2009,Horror/Thriller,Sam Raimi,"Alison Lohman, Justin Long, Lorna Raver",6.6,2009,"Horror, Thriller",Sam Raimi,"Alison Lohman,Justin Long,Ruth Livier,Lorna Raver"
466,983799,983799,2850,3226,Constantine,Constantine,1,2.60/4,2005,Drama/Fantasy,Francis Lawrence,"Keanu Reeves, Rachel Weisz, Shia LaBeouf",7.0,2005,"Drama, Fantasy, Thriller",Francis Lawrence,"Keanu Reeves,Rachel Weisz,Djimon Hounsou,Shia LaBeouf"
177,387874,387874,1191,1264,Think Like a Man,Think Like a Man,1,2.81/4,2012,Comedy,Tim Story,"Meagan Good, Arielle Kebbel, Taraji P. Henson",6.6,2012,"Comedy, Romance",Tim Story,"Chris Brown,Gabrielle Union,Kevin Hart,Michael Ealy"
99,175779,175779,875,568,Night at the Museum: Secret of the Tomb,Night at the Museum: Secret of the Tomb,1,2.56/4,2014,Comedy/Adventure,Shawn Levy,"Ben Stiller, Robin Williams, Rebel Wilson",6.2,2014,"Adventure, Comedy, Family",Shawn Levy,"Ben Stiller,Robin Williams,Owen Wilson,Dick Van Dyke"
338,721834,721834,2442,2401,Mr. Brooks,Mr. Brooks,1,2.66/4,2007,Crime/Drama,Bruce A. Evans,"Kevin Costner, Demi Moore, Dane Cook",7.3,2007,"Crime, Drama, Thriller",Bruce A. Evans,"Kevin Costner,Demi Moore,William Hurt,Dane Cook"
448,938699,938699,2925,3081,The Jacket,The Proposition,0,2.55/4,2005,Drama/Fantasy,John Maybury,"Adrien Brody, Keira Knightley, Kris Kristofferson",7.4,2005,"Crime, Drama, Western",John Hillcoat,"Ray Winstone,Guy Pearce,Emily Watson,Richard Wilson"
431,909014,909014,2936,2983,Happy Endings (2005),Happy Endings,1,2.63/4,2005,Comedy/Drama,Don Roos,"Lisa Kudrow, Steve Coogan, Jesse Bradford",6.4,2005,"Comedy, Drama, Music",Don Roos,"Lisa Kudrow,Steve Coogan,Maggie Gyllenhaal,Jesse Bradford"
335,718404,718404,2114,2380,The Bank Job,The Bank Job,1,2.77/4,2008,Thriller,Roger Donaldson,"Jason Statham, Saffron Burrows, Stephen Campbell Moore",7.3,2008,"Crime, Drama, Romance",Roger Donaldson,"Jason Statham,Saffron Burrows,Stephen Campbell Moore,Daniel Mays"
197,440612,440612,1617,1440,Kick-Ass,Kick-Ass,1,2.98/4,2010,Action/Comedy,Matthew Vaughn,"Aaron Johnson, Nicolas Cage, Chloe Moretz",7.6,2010,"Action, Comedy",Matthew Vaughn,"Aaron Taylor-Johnson,Nicolas Cage,Chlo Grace Moretz,Garrett M. Brown"
243,516119,516119,1310,1693,Loving the Bad Man,The Pirates! Band of Misfits,0,2.92/4,2012,Drama,Peter Engert,"Alexander Alonso, Stephen Baldwin, Mike Benitez",6.7,2012,"Animation, Adventure, Comedy","Peter Lord,Jeff Newitt","Hugh Grant,Salma Hayek,Jeremy Piven,Martin Freeman"
464,973524,973524,2845,3188,Fragile ( Frgiles ),Fragile,1,2.79/4,2005,Thriller/Horror,Jaume Balaguer_,"Calista Flockhart, Richard Roxburgh, Elena Anaya",6.1,2005,"Thriller, Horror",Jaume Balaguer_,"Calista Flockhart,Richard Roxburgh,Elena Anaya,Gemma Jones"
115,235117,235117,503,751,The 33,Into the Forest,0,2.94/4,2015,Drama,Patricia Riggen,"Rodrigo Santoro, Antonio Banderas, Juliette Binoche",5.9,2015,"Drama, Sci-Fi, Thriller",Patricia Rozema,"Ellen Page,Evan Rachel Wood,Max Minghella,Callum Keith Rennie"
404,836652,836652,2439,2772,The Boys & Girls Guide to Getting Down,The Bourne Ultimatum,0,2.92/4,2007,Comedy,Paul Sapiano,"Cricket Leigh, Kat Turner, Steve Monroe",8.0,2007,"Action, Mystery, Thriller",Paul Greengrass,"Matt Damon,Edgar Ram_rez,Joan Allen,Julia Stiles"
265,560113,560113,2132,1841,Hellboy II: The Golden Army,Hellboy II: The Golden Army,1,2.75/4,2008,Adventure/Action,Guillermo del Toro,"Ron Perlman, Selma Blair, James Dodd",7.0,2008,"Action, Adventure, Fantasy",Guillermo del Toro,"Ron Perlman,Selma Blair,Doug Jones,John Alexander"
72,124422,124422,244,394,Lady Bird,Lady Bird,1,3.09/4,2017,Comedy,Greta Gerwig,"Saoirse Ronan, Laurie Metcalf, Lucas Hedges",7.5,2017,"Comedy, Drama",Greta Gerwig,"Saoirse Ronan,Laurie Metcalf,Tracy Letts,Lucas Hedges"
333,717167,717167,2443,2370,Planet Terror,Planet Terror,1,2.64/4,2007,Horror/Thriller,Robert Rodriguez,"Rose McGowan, Josh Brolin, Freddy Rodr_guez",7.1,2007,"Action, Comedy, Horror",Robert Rodriguez,"Rose McGowan,Freddy Rodr_guez,Josh Brolin,Marley Shelton"
25,46800,46800,537,149,Cinderella (2015),Cinderella,1,2.75/4,2015,Adventure/Drama,Kenneth Branagh,"Cate Blanchett, Lily James, Helena Bonham Carter",6.9,2015,"Drama, Family, Fantasy",Kenneth Branagh,"Lily James,Cate Blanchett,Richard Madden,Helena Bonham Carter"
165,353105,353105,950,1151,Nebraska,Nebraska,1,3.00/4,2013,Drama/Adventure,Alexander Payne,"Will Forte, Bruce Dern, Bob Odenkirk",7.7,2013,"Adventure, Comedy, Drama",Alexander Payne,"Bruce Dern,Will Forte,June Squibb,Bob Odenkirk"
337,719813,719813,2186,2388,Baby Mama,Baby Mama,1,2.63/4,2008,Comedy,Michael McCullers,"Sigourney Weaver, Tina Fey, Amy Poehler",6.0,2008,"Comedy, Romance",Michael McCullers,"Tina Fey,Amy Poehler,Sigourney Weaver,Greg Kinnear"
483,1027276,1027276,3113,3366,"Manchurian Candidate, The (2004)",The Manchurian Candidate,1,2.71/4,2004,Thriller/Drama,Jonathan Demme,"Denzel Washington, Liev Schreiber, Jeffrey Wright",6.6,2004,"Drama, Mystery, Sci-Fi",Jonathan Demme,"Denzel Washington,Liev Schreiber,Meryl Streep,Kimberly Elise"
174,381902,381902,1161,1245,The Hobbit: An Unexpected Journey,The Hobbit: An Unexpected Journey,1,3.06/4,2012,Adventure/Fantasy,Peter Jackson,"Martin Freeman, Ian McKellen, Richard Armitage",7.9,2012,"Adventure, Family, Fantasy",Peter Jackson,"Martin Freeman,Ian McKellen,Richard Armitage,Andy Serkis"
486,1040410,1040410,2876,3404,Off the Map,The Legend of Zorro,0,3.00/4,2005,Drama,Campbell Scott,"Amy Brenneman, Valentina de Angelis, Joan Allen",5.9,2005,"Action, Adventure, Western",Martin Campbell,"Antonio Banderas,Catherine Zeta-Jones,Rufus Sewell,Alberto Reyes"
39,78458,78458,488,240,Ant-Man,Ant-Man,1,2.90/4,2015,Action/Sci-Fi,Peyton Reed,"Paul Rudd, Michael Douglas, Evangeline Lilly",7.3,2015,"Action, Adventure, Comedy",Peyton Reed,"Paul Rudd,Michael Douglas,Corey Stoll,Evangeline Lilly"
193,427816,427816,1259,1401,The Do-Deca-Pentathlon,House at the End of the Street,0,2.79/4,2012,Comedy,"Jay Duplass, Mark Duplass","Mark Kelly, Steve Zissis, Jennifer Lafleur",5.6,2012,"Drama, Horror, Thriller",Mark Tonderai,"Jennifer Lawrence,Elisabeth Shue,Max Thieriot,Gil Bellows"
314,677310,677310,2044,2221,Kung Fu Panda,Kung Fu Panda,1,2.96/4,2008,Animation/Comedy,Mark Osborne,"Jack Black, Jackie Chan, Dustin Hoffman",7.6,2008,"Animation, Action, Adventure","Mark Osborne,John Stevenson","Jack Black,Ian McShane,Angelina Jolie,Dustin Hoffman"
396,826360,826360,2770,2737,A History of Violence,A History of Violence,1,2.98/4,2005,Drama/Crime,David Cronenberg,"Viggo Mortensen, Ed Harris, William Hurt",7.5,2005,"Crime, Drama, Thriller",David Cronenberg,"Viggo Mortensen,Maria Bello,Ed Harris,William Hurt"
88,148224,148224,297,482,13 Hours: The Secret Soldiers of Benghazi,The Thinning,0,2.89/4,2016,Action/Drama,Michael Bay,"Pablo Schreiber, John Krasinski, Toby Stephens",5.9,2016,"Action, Drama, Horror",Michael J. Gallagher,"Logan Paul,Peyton List,Lia Marie Johnson,Calum Worthy"
472,993881,993881,2566,3258,Babel,Babel,1,2.86/4,2006,Drama,Alejandro Gonzlez Iձrritu,"Brad Pitt, Cate Blanchett, Adriana Barraza",7.5,2006,Drama,Alejandro G. Iձrritu,"Brad Pitt,Cate Blanchett,Gael Garc_a Bernal,Mohamed Akhzam"
70,119795,119795,221,381,A Dog's Purpose,A Dog's Purpose,1,2.23/4,2017,Comedy/Drama,Lasse Hallstr_m,"Britt Robertson, Josh Gad, Dennis Quaid",6.9,2017,"Adventure, Comedy, Drama",Lasse Hallstr_m,"Josh Gad,Dennis Quaid,Peggy Lipton,Bryce Gheisar"
87,148215,148215,259,482,"Red Turtle, The ( tortue rouge, La )",The Thinning,0,3.20/4,2016,Animation/Fantasy,Michael Dudok de Wit,,5.9,2016,"Action, Drama, Horror",Michael J. Gallagher,"Logan Paul,Peyton List,Lia Marie Johnson,Calum Worthy"
292,618780,618780,1986,2017,The Lovely Bones,Hannah Montana: The Movie,0,2.51/4,2009,Drama/Thriller,Peter Jackson,"Saoirse Ronan, Rachel Weisz, Susan Sarandon",4.3,2009,"Comedy, Drama, Family",Peter Chelsom,"Miley Cyrus,Emily Osment,Billy Ray Cyrus,Jason Earles"
242,516083,516083,1161,1693,The Hobbit: An Unexpected Journey,The Pirates! Band of Misfits,0,3.06/4,2012,Adventure/Fantasy,Peter Jackson,"Martin Freeman, Ian McKellen, Richard Armitage",6.7,2012,"Animation, Adventure, Comedy","Peter Lord,Jeff Newitt","Hugh Grant,Salma Hayek,Jeremy Piven,Martin Freeman"
277,587192,587192,1682,1931,The Next Three Days,The Next Three Days,1,2.73/4,2010,Crime/Drama,Paul Haggis,"Russell Crowe, Elizabeth Banks, Brian Dennehy",7.4,2010,"Action, Crime, Drama",Paul Haggis,"Russell Crowe,Elizabeth Banks,Liam Neeson,Michael Buie"
211,466832,466832,1858,1522,Fantastic Mr. Fox,Fantastic Mr. Fox,1,2.99/4,2009,Animation/Adventure,Wes Anderson,"George Clooney, Michael Gambon, Bill Murray",7.8,2009,"Animation, Adventure, Comedy",Wes Anderson,"George Clooney,Meryl Streep,Bill Murray,Jason Schwartzman"
9,21984,21984,215,51,Deadpool,Deadpool,1,3.12/4,2016,Action/Fantasy,Tim Miller,"Ryan Reynolds, Morena Baccarin, T.J. Miller",8.0,2016,"Action, Adventure, Comedy",Tim Miller,"Ryan Reynolds,Morena Baccarin,T.J. Miller,Ed Skrein"
359,764358,764358,2303,2530,"Diving Bell and the Butterfly, The ( Scaphandre et le papillon, Le )",Rise of the Footsoldier,0,3.04/4,2007,Biography/Drama,Julian Schnabel,"Max von Sydow, Marie-Josթe Croze, Mathieu Amalric",6.9,2007,"Action, Biography, Crime",Julian Gilbey,"Ricci Harnett,Terry Stone,Craig Fairbrass,Roland Manookian"
195,439564,439564,1611,1438,Harry Potter and the Deathly Hallows: Part 1,Harry Potter and the Deathly Hallows: Part 1,1,3.06/4,2010,Adventure/Drama,David Yates,"Daniel Radcliffe, Emma Watson, Rupert Grint",7.7,2010,"Adventure, Family, Fantasy",David Yates,"Daniel Radcliffe,Emma Watson,Rupert Grint,Bill Nighy"
251,527374,527374,1917,1734,Ice Age: Dawn of the Dinosaurs,Ice Age: Dawn of the Dinosaurs,1,2.72/4,2009,Adventure/Animation,Carlos Saldanha,"John Leguizamo, Ray Romano, Queen Latifah",7.0,2009,"Animation, Action, Adventure","Carlos Saldanha,Mike Thurmeier","Ray Romano,John Leguizamo,Denis Leary,Eunice Cho"
323,698352,698352,1976,2296,The Soloist,The Hole,0,2.58/4,2009,Drama/Biography,Joe Wright,"Robert Downey Jr., Jamie Foxx, Catherine Keener",5.7,2009,"Adventure, Fantasy, Thriller",Joe Dante,"Chris Massoglia,Haley Bennett,Nathan Gamble,Teri Polo"
192,427235,427235,1533,1398,Tower Heist,Tower Heist,1,2.49/4,2011,Comedy/Crime,Brett Ratner,"Ben Stiller, Eddie Murphy, Casey Affleck",6.2,2011,"Action, Comedy, Crime",Brett Ratner,"Eddie Murphy,Ben Stiller,Casey Affleck,Alan Alda"
117,244914,244914,556,786,Sleeping with Other People,Sleeping with Other People,1,2.88/4,2015,Comedy,Leslye Headland,"Natasha Lyonne, Alison Brie, Adam Scott",6.5,2015,"Comedy, Drama, Romance",Leslye Headland,"Jason Sudeikis,Alison Brie,Jordan Carlos,Margarita Levieva"
47,86864,86864,262,286,Hidden Figures,Hidden Figures,1,3.02/4,2016,Drama,Theodore Melfi,"Taraji P. Henson, Octavia Spencer, Janelle Mone",7.8,2016,"Biography, Drama, History",Theodore Melfi,"Taraji P. Henson,Octavia Spencer,Janelle Mone,Kevin Costner"
172,372632,372632,1381,1213,Harry Potter and the Deathly Hallows: Part 2,The Girl with the Dragon Tattoo,0,3.17/4,2011,Adventure/Fantasy,David Yates,"Daniel Radcliffe, Emma Watson, Rupert Grint",7.8,2011,"Crime, Drama, Mystery",David Fincher,"Daniel Craig,Rooney Mara,Christopher Plummer,Stellan SkarsgՂrd"
